topic_id,reg_time,topic_poster,info_hash,tor_size_bytes,keeping_priority,seeder_last_seen,seeders,keeper_seeders,average_seeds_count,average_seeds_sum,topic_title
5688546,2,28811852,1FDA46EFD3E236FA29DED04358E629F8D68A251B,58458311472,2,2026-07-31 02:21:01,4,2,"{7,24,24,24,24,24,24,24,24,24,23,24,24,24,24,24,24,24,24,23,25,24,24,24,25,24,24,26,24,24,24}","{28,167,161,159,152,168,169,142,146,140,133,127,121,124,132,128,139,155,163,180,144,119,140,152,136,139,170,162,144,158,136}","Конец ***го мира / The End of the F***ing World / Сезон: 1 / Серии: 1-8 из 8 (Джонатан Энтвистл, Люси Черняк) [2017, Великобритания, драма, комедия, WEBRip 2160p, 4K] MVO (NewStudio) + Original + Sub (Rus, Eng etc.)"
5832209,2,22279982,13BBF4F1679761E0E2B8BE5AB2A34E489CC80C6F,94241799599,2,2026-07-31 02:21:01,4,2,"{7,24,24,24,24,24,24,24,24,24,23,24,24,24,24,24,24,24,24,23,25,24,24,24,25,24,24,26,24,24,24}","{28,82,84,98,98,84,106,92,103,88,69,85,97,97,88,96,96,98,78,90,86,82,81,84,94,75,70,58,67,98,87}","Дракула / Dracula / Сезон: 1 / Серии: 1-3 из 3 (Джонни Кэмпбелл / Jonny Campbell, Пол МакГиган / Paul McGuigan, Дэймон Томас / Damon Thomas) [2020, Великобритания, ужасы, драма, WEBRip 2160p, 4k] Dub (Невафильм) + Original Eng + Sub (Rus, Eng)"
5834290,2,22279982,8FD21DEB4DAA68920E85E895DD936B91332336B9,26191144036,2,2026-07-31 02:21:01,5,2,"{7,24,24,24,24,24,24,24,24,24,23,24,24,24,24,24,24,24,24,23,25,24,24,24,25,24,24,26,24,24,24}","{31,107,103,115,132,145,142,153,125,125,135,136,135,153,129,121,139,132,140,172,163,111,143,153,163,215,228,214,236,225,195}","Дракула / Dracula / Сезон: 1 / Серии: 1-3 из 3 (Джонни Кэмпбелл, Пол МакГиган, Дэймон Томас) [2020, Великобритания, ужасы, драма, HEVC, WEBRip 2160p, 4K] Dub (Невафильм), 4 x MVO (NewStudio, Jaskier, AlexFilm, HDRezka Studio) + Original Eng + Sub (Rus, Eng)"
5906363,2,6931475,4B2094EC763DEC1958A496E0AACBCEAA7E1ED9FF,17867807002,2,2026-07-31 02:21:01,19,4,"{7,24,24,24,24,24,24,24,24,24,23,24,24,24,24,24,24,24,24,23,25,24,24,24,25,24,24,26,24,24,24}","{134,423,406,478,426,464,498,456,458,456,454,471,560,526,524,510,473,447,470,525,534,514,525,514,475,419,400,478,449,441,471}","Дрянь / Fleabag / Сезон: 2 / Серии: 1-6 из 6 (Гарри Брэдбир, Тим Киркби) [2019, Великобритания, Драма, комедия, HEVC, HDR, WEBRip 2160p, 4k] 2x MVO (LostFilm | NewStudio) + Original + Sub (Rus, Eng, Deu, Fra, Ita, Esp, Dutch)"
5991399,2,886263,CBE6B6E65FE279D5263406AC86D80FFC35CB4289,10338856169,2,2026-07-31 02:21:01,3,3,"{7,24,24,24,24,24,24,24,24,24,23,24,24,24,24,24,24,24,24,23,25,24,24,24,25,24,24,26,24,24,24}","{21,51,43,69,73,65,46,75,57,73,63,60,54,80,96,90,84,84,72,59,68,59,60,60,68,61,68,53,79,97,73}","Доктор Кто / Doctor Who / Сезон: 13 / Новогодний спецэпизод 2021 «Революция далеков» (Крис Чибнелл) [2021, Великобритания, фантастика, HDR HLG, WEB-DL 2160p, 4k] Original + Sub (Eng, Rus [TeamNotDead])"
5993555,2,14944740,88B8AC6C182AAFA299B15B1B8C6AF62366C7C743,10441901223,2,2026-07-31 02:21:01,4,3,"{7,24,24,24,24,24,24,24,24,24,23,24,24,24,24,24,24,24,24,23,25,24,24,24,25,24,24,26,24,24,24}","{42,132,121,148,130,124,122,105,117,149,136,149,145,141,140,142,156,176,173,143,169,156,148,165,149,112,76,58,82,80,67}","Доктор Кто / Doctor Who / Сезон: 12 / Серии: 11 из 12. Спецвыпуск «Революция далеков» (Крис Чибнелл) [2021, Великобритания, фантастика, драма, комедия, приключения, семейный, HDR HLG, WEB-DL 2160p, 4k] MVO (Sony SCI-FI) + Original (Eng)"
6008898,2,9115373,B5C0A18CBA5CD12AE58E4932983EC743BB732C93,14142502718,1,2026-07-31 02:21:01,6,1,"{7,24,24,24,24,24,24,24,24,24,23,24,24,24,24,24,24,24,24,23,25,24,24,24,25,24,24,26,24,24,24}","{45,158,145,140,123,128,145,83,94,101,97,115,117,97,85,94,84,71,71,73,69,65,57,63,69,61,73,86,87,92,87}","Бледный конь / The Pale Horse / Сезон: 1 / Серии: 1-2 из 2 (Леонора Лонсдэйл) [2020, Великобритания, Детектив, HEVC, HDR, WEB-DL 2160p, 4k] 2 x MVO (Первый канал | LostFilm) + Original + (Rus, Eng)"
6117569,2,12882701,4227D35C44A8D9D315FF42DDAF667745AED54068,42950448244,1,2026-07-31 02:21:01,16,3,"{7,24,24,24,24,24,24,24,24,24,23,24,24,24,24,24,24,24,24,23,25,24,24,24,25,24,24,26,24,24,24}","{118,376,420,399,412,427,388,423,378,432,429,459,526,425,442,387,448,456,498,524,542,458,466,465,479,433,559,581,440,452,484}","Сексуальное просвещение / Половое воспитание / Sex Education / Сезон: 1 / Серии: 1-8 из 8 (Кейт Херрон, Бен Тэйлор) [2019, Великобритания, драма, комедия, HDR10, WEB-DL 2160p, 4k] MVO (BTI Studios) + Original (Eng) + Sub (Rus, Eng)"
6117573,2,12882701,C93688B6F7A98D7E7EA7E5F8F2213D280171F2FF,48737800068,1,2026-07-31 02:21:01,13,4,"{7,24,24,24,24,24,24,24,24,24,23,24,24,24,24,24,24,24,24,23,25,24,24,24,25,24,24,26,24,24,24}","{89,274,319,312,344,295,328,334,279,274,284,293,341,302,336,350,365,337,334,316,376,312,370,375,401,322,374,430,380,388,398}","Сексуальное просвещение / Половое воспитание / Sex Education / Сезон: 2 / Серии: 1-8 из 8 (Кейт Херрон, Бен Тэйлор, Софи Гудхарт) [2020, Великобритания, драма, комедия, HDR10, WEB-DL 2160p, 4k] MVO (BTI Studios совместно со студией Пифагор) + Original (Eng) + Sub (Rus, Eng)"
6165557,2,12882701,F5CEB8189C20550E4AA6478D0ED7918B180FDB2A,25072091902,1,2026-07-31 02:21:01,99,6,"{7,24,24,24,24,24,24,24,24,24,23,24,24,24,24,24,24,24,24,23,25,24,24,24,25,24,24,26,24,24,24}","{669,2462,2410,2350,2231,2200,2100,2075,2212,2296,2111,2191,2196,2069,2084,2071,2050,2127,2144,1908,2018,1746,1931,2063,2021,2113,2008,2252,2126,2207,2087}","Чёрное зеркало / Black Mirror / Сезон: 5 / Серии: 1-3 из 3 (Оуэн Харрис, Джеймс Хоус, Анне Севитски) [2019, Великобритания, фантастика, триллер, драма, HEVC, HDR10, Dolby Vision, WEB-DL 2160p, 4k] [Hybrid] Dub (Пифагор) + Original (Eng) + Sub (Rus, Eng)"
6189268,2,12882701,BB0902AD8416AD10501AA8B510CFB5865BF62F15,19335347264,1,2026-07-31 02:21:01,4,2,"{7,24,24,24,24,24,24,24,24,24,23,24,24,24,24,24,24,24,24,23,25,24,24,24,25,24,24,26,24,24,24}","{30,98,98,109,101,95,93,96,111,103,92,98,103,125,108,106,99,117,111,113,131,113,127,124,109,96,101,131,113,111,121}","Индекс страха / The Fear Index / Сезон: 1 / Серии: 1-4 из 4 (Дэвид Кэффри) [2022, Великобритания, триллер, HEVC, HDR10, WEB-DL 2160p, 4k] MVO (Кравец-Рекордз) + Original + Sub (Rus, Eng)"
6193963,2,12882701,0295C96E02199277A870925EA0E11B1E21CB937C,45726413398,1,2026-07-31 02:21:01,64,3,"{7,24,24,24,24,24,24,24,24,24,23,24,24,24,24,24,24,24,24,23,25,24,24,24,25,24,24,26,24,24,24}","{443,1548,1588,1577,1567,1467,1523,1419,1556,1530,1362,1493,1440,1347,1390,1320,1314,1372,1450,1300,1468,1312,1372,1480,1473,1488,1516,1638,1511,1461,1429}","Черное зеркало / Black Mirror / Сезон: 3 / Серии: 1-6 из 6 (Оуэн Харрис) [2016, Великобритания, фантастика, триллер, драма, HEVC, HDR10, Dolby Vision, WEB-DL 2160p, 4k] [Hybrid] Dub (BTI Studios совместно со студией Пифагор) + Original (Eng) + Sub (Rus, Eng)"
6208306,8,15592502,053EEBD9C2DE2BFAA2DD8B68CB558A2F99EC242A,31362757535,1,2026-07-31 02:21:01,7,1,"{7,24,24,24,24,24,24,24,24,24,23,24,24,24,24,24,24,24,24,23,25,24,24,24,25,24,24,26,24,24,24}","{53,213,199,195,204,158,127,144,93,101,85,101,113,98,78,79,73,81,79,97,115,88,110,137,150,142,159,196,133,150,137}","Незнакомка / The Stranger / Сезон: 1 / Серии: 1-8 из 8 (Дэниэл О’Хара, Ханна Куинн) [2020, Великобритания, Детектив, триллер, драма, криминал, HDR, WEBRip 2160p, 4k] MVO (TVShows) + Original + Sub (Rus, Eng, Multi)"
6209141,2,22279982,A2BA1D81A353D6FC7F990F5945D8F20DB561CABE,30718602078,1,2026-07-31 02:21:01,5,3,"{7,24,24,24,24,24,24,24,24,24,23,24,24,24,24,24,24,24,24,23,25,24,24,24,25,24,24,26,24,24,24}","{25,83,80,94,95,94,101,97,94,93,76,81,80,73,91,102,119,104,98,81,73,76,96,98,106,103,89,127,95,95,87}","Жизнь после жизни / Life After Life / Сезон: 1 / Серии: 1-4 из 4 (Джон Краули) [2022, Великобритания, драма, фантастика, HDR, HLG, WEB-DL 2160p, 4K] MVO (ColdFilm) + Original + Sub (Eng)"
6243872,2,12882701,8110A19ECA551F9A91EF1BF4CF5E40EC380EE46F,56664370403,1,2026-07-31 02:21:01,14,3,"{7,24,24,24,24,24,24,24,24,24,23,24,24,24,24,24,24,24,24,23,25,24,24,24,25,24,24,26,24,24,24}","{98,302,321,296,328,371,427,399,379,400,364,384,400,404,424,382,396,413,424,462,475,396,482,479,517,426,481,526,461,429,428}","Сексуальное просвещение / Половое воспитание / Sex Education / Сезон: 3 / Серии: 1-8 из 8 (Кейт Херрон, Бен Тэйлор) [2021, Великобритания, драма, комедия, HDR10, Dolby Vision, WEB-DL 2160p, 4k] [Hybrid] MVO (Пифагор) + Ukr + Original (Eng) + Sub (Rus, Ukr, Eng)"
6307050,2,319222,AAAE87787CDC1EBAACFA8D8AC517F8F45B03F542,40558305716,1,2026-07-31 02:21:01,11,3,"{7,24,24,24,24,24,24,24,24,24,23,24,24,24,24,24,24,24,24,23,25,24,24,24,25,24,24,26,24,24,24}","{73,243,208,213,233,222,201,209,200,193,225,239,217,267,237,267,234,254,256,236,213,198,256,241,218,207,273,250,239,195,202}","Час дьявола / The Devil's Hour / Сезон: 1 / Серии: 1-6 из 6 (Джонни Аллан, Изабель Сиб) [2022, Великобритания, триллер, драма, мистика, HDR10, WEB-DL 2160p, 4k] MVO (NewStudio) + Original + Sub (Rus, Eng)"
6320299,2,22279982,38BEACD8C4AAC00F36B022C3BEF0E66746A27F19,23080585106,1,2026-07-31 02:21:01,26,1,"{7,24,24,24,24,24,24,24,24,24,23,24,24,24,24,24,24,24,24,23,25,24,24,24,25,24,24,26,24,24,24}","{182,583,547,516,594,706,695,652,605,548,552,602,556,606,593,595,596,523,487,523,581,461,454,510,540,655,552,625,599,596,594}","Экстраординарная / Extraordinary / Сезон: 1 / Серии: 1-8 из 8 (Тоби МакДональд) [2023, Великобритания, фантастика, фэнтези, боевик, комедия, приключения, HEVC, HDR10, Dolby Vision, WEB-DL 2160p, 4k] [Hybrid] MVO (TVShows) + Original + Sub Eng"
6382731,2,18905318,C730BBDF8FAD4DB304F758D3A7AF5FACB1E74B2E,33284776430,1,2026-07-31 02:21:01,52,1,"{7,24,24,24,24,24,24,24,24,24,23,24,24,24,24,24,24,24,24,23,25,24,24,24,25,24,24,26,24,24,24}","{358,1220,1246,1192,1269,1334,1241,1247,1246,1232,1182,1246,1276,1164,1140,1045,982,1069,1044,1044,991,896,1039,973,970,989,952,1055,917,1000,935}","Черное зеркало / Black Mirror / Сезон: 6 / Серии: 1-5 из 5 (Оуэн Харрис, Карл Тиббеттс, Джеймс Хоуз) [2023, Великобритания, фантастика, триллер, драма, детектив, SDR, WEB-DL 2160p, 4k] 4x MVO (LostFilm, NewStudio, HDrezka Studio, TVShows) + Original + Sub (Rus, Eng)"
6412965,2,18905318,D99260D43EEAB8735D2B442D94DDDCE2DD414419,75936540781,1,2026-07-31 02:21:01,12,2,"{7,24,24,24,24,24,24,24,24,24,23,24,24,24,24,24,24,24,24,23,25,24,24,24,25,24,24,26,24,24,24}","{83,257,285,288,277,278,317,324,292,294,298,313,358,315,298,324,335,338,340,318,365,297,358,343,358,280,341,352,342,335,331}","Сексуальное просвещение / Половое воспитание / Sex Education / Сезон: 4 / Серии: 1-8 из 8 (Кейт Херрон, Бен Тэйлор) [2023, Великобритания, драма, комедия, HDR10, Dolby Vision, WEB-DL 2160p, 4k] [Hybrid] 3 x MVO (NewStudio, LostFilm, TVShows) + Original + Sub (Rus, Eng)"
6415567,2,18905318,176F11B167BF993CAB71BB10136E500835E5380F,38143538646,1,2026-07-31 02:21:01,6,2,"{7,24,24,24,24,24,24,24,24,24,23,24,24,24,24,24,24,24,24,23,25,24,24,24,25,24,24,26,24,24,24}","{38,104,100,117,122,143,110,90,86,92,92,97,84,87,79,85,82,73,89,80,71,82,73,94,111,91,97,106,112,97,85}","Дикие земли / Дикие пределы / Wilderness / Сезон: 1 / Серии: 1-6 из 6 (Ким Со-ён) [2023, Великобритания, Триллер, Драма, HEVC, HDR10+, WEB-DL 2160p, 4k] MVO (TVShows) + Original + Sub (Rus, Eng)"
6420017,2,18905318,DAAA1985B0D410EA57C3A5F8EA277CCE182CC462,49130119620,1,2026-07-31 02:21:01,8,3,"{7,24,24,24,24,24,25,24,24,24,23,24,24,24,24,24,24,24,24,23,25,24,24,24,25,24,24,26,24,24,24}","{53,168,173,183,185,188,178,161,174,198,179,186,176,216,227,194,197,232,251,222,249,239,242,253,247,237,221,254,253,244,245}","Сексуальное просвещение / Половое воспитание / Sex Education / Сезон: 4 / Серии: 1-8 из 8 (Кейт Херрон, Бен Тэйлор) [2023, Великобритания, драма, комедия, HEVC, SDR, WEB-DL 2160p, 4k] 3 x MVO (NewStudio, LostFilm, TVShows) + Original + Sub (Rus, Eng)"
6421738,2,18905318,2D3160A1E4763F51B4D9C3CD7D53DACF12F78F05,40864461506,1,2026-07-31 02:21:01,5,2,"{7,24,24,24,24,24,24,24,24,24,23,24,24,24,24,24,24,24,24,23,25,24,24,24,25,24,24,26,24,24,24}","{30,91,81,91,91,85,82,94,97,95,88,95,83,87,94,94,88,86,88,90,88,90,91,94,98,94,98,107,96,96,85}","Неспящие / Still Up / Сезон: 1 / Серии: 1-8 из 8 (Джон Эддис) [2023, Великобритания, комедия, HDR10+, Dolby Vision, WEB-DL 2160p, 4k] [Hybrid] MVO (TVShows) + Original + Sub (Rus, Eng)"
6448177,2,18905318,BF21282BCD595D4E3558B4927A7FD1C36B19B0E7,48809240169,1,2026-07-31 02:21:01,4,3,"{7,24,24,24,24,24,24,24,24,24,23,24,24,24,24,24,24,24,24,23,25,24,24,24,25,24,24,26,24,24,24}","{24,79,101,131,121,121,120,126,121,128,110,132,142,138,134,150,175,143,135,126,135,135,119,124,114,115,105,143,140,207,172}","История с лодкой / Boat Story / Сезон: 1 / Серии: 1-6 из 6 (Дэниэл Неттхейм, Элис Тротон) [2023, Великобритания, триллер, драма, HLG, WEB-DL 2160p, 4k] MVO (NewStudio) + Original + Sub (Rus, Eng)"
6456180,2,9115373,D41CDE8058602B116C5CE661A49D2731413A5674,69732355860,1,2026-07-31 02:21:01,11,1,"{7,24,24,24,24,24,24,24,24,24,23,24,24,24,24,24,24,24,24,23,25,24,24,24,25,24,24,26,24,24,24}","{75,220,222,233,254,267,263,245,218,237,253,251,293,276,267,252,266,265,256,287,358,331,329,302,369,405,385,439,348,350,345}","Тела / Bodies / Сезон: 1 / Серии: 1-8 из 8 (Марко Кройцпайнтнер, Ван Хаолу) [2023, Великобритания, Детектив, фантастика, HEVC, HDR10, WEB-DL 2160p, 4k] 2 x MVO (NewStudio, TVShows) + Original + Sub (Rus, Ukr, Eng)"
6494162,2,43459903,588E8A00386CB65938A1159B3B959DE37E1E1871,45506070096,1,2026-07-31 02:21:01,4,2,"{7,24,24,24,24,24,25,24,24,24,23,24,24,24,24,24,24,24,24,23,25,24,24,24,25,24,24,26,24,24,24}","{28,87,102,113,87,95,94,124,125,124,113,98,119,122,114,108,94,98,78,93,92,85,84,85,82,80,78,68,70,93,95}","Один день / One Day / Сезон: 1 / Серии: 1-14 из 14 (Молли Мэннерс, Люк Снеллин, Джон Хардвик) [2024, Великобритания, драма, мелодрама, комедия, HEVC, SDR, WEB-DL 2160p, 4k] MVO (TVShows) + Original (Eng) + Sub (Rus, Eng)"
6498024,2,18905318,39AFB5A5BF38F78AA7AE68F6A1F5AA51BD05DE0D,59792058904,1,2026-07-31 02:21:01,6,1,"{7,24,24,24,25,5,0,0,0,0,0,0,0,0,0,0,0,0,0,0,0,0,0,0,0,0,0,0,0,0,0}","{37,101,95,96,111,10,0,0,0,0,0,0,0,0,0,0,0,0,0,0,0,0,0,0,0,0,0,0,0,0,0}","Один день / One Day / Сезон: 1 / Серии: 1-14 из 14 (Молли Мэннерс, Люк Снеллин, Джон Хардвик) [2024, Великобритания, драма, мелодрама, комедия, HEVC, Dolby Vision, HDR10, WEB-DL 2160p, 4k] [Hybrid] 2 x MVO (TVShows, Red Head Sound) + Original (Eng) + Sub (Rus, Eng)"
6498649,2,43459903,0F954478BBEBE3FB7EDC3990B5FDF0F4345F346F,35796187437,1,2026-07-31 02:21:01,8,2,"{7,24,24,24,24,24,24,24,24,24,23,24,24,24,24,24,24,24,24,23,25,24,24,24,25,24,24,26,24,24,24}","{46,152,156,178,146,150,133,139,136,129,119,120,163,178,180,192,189,187,149,146,134,111,141,140,147,124,122,145,170,162,155}","Полностью выдуманные приключения Дика Турпина / The Completely Made-Up Adventures of Dick Turpin / Сезон: 1 / Серии: 1-6 из 6 (Джордж Кэйн) [2024, Великобритания, комедия, HDR10, HDR10+, Dolby Vision, WEB-DL 2160p, 4k] 3x MVO (HDRezka Studio, Ozz, TVShows) + Original + Sub (Rus, Eng)"
6503718,2,18905318,845C0982C1956631293A3D1C87C3E80BA5E9FC4A,30583205522,1,2026-07-31 02:21:01,5,2,"{7,24,24,24,24,24,25,24,24,24,23,24,24,24,24,24,24,24,24,23,25,24,24,24,25,24,24,26,24,24,24}","{31,93,94,107,113,89,80,89,108,99,102,96,81,104,90,102,92,98,119,113,91,99,96,87,95,104,88,98,93,105,87}","Полностью выдуманные приключения Дика Турпина / The Completely Made-Up Adventures of Dick Turpin / Сезон: 1 / Серии: 1-6 из 6 (Джордж Кэйн, Бен Палмер) [2024, Великобритания, комедия, HEVC, SDR, WEB-DL 2160p, 4k] 3 x MVO (Ozz, HDRezka, TVShows) + Original (Eng) + Sub (Rus, Eng)"
6504116,2,18905318,DB5D83801957E7D256672BD6EEF061BA7C6BD65A,23955430288,1,2026-07-31 02:21:01,21,2,"{7,24,24,24,24,24,25,24,24,24,23,24,24,24,24,24,24,24,24,23,25,24,24,24,25,24,24,26,24,24,24}","{143,437,423,381,445,588,614,540,452,390,383,412,475,504,455,436,446,492,525,458,456,407,459,444,479,490,491,547,481,460,464}","Экстраординарная / Extraordinary / Сезон: 2 / Серии: 1-8 из 8 (Тоби МакДональд, Дженнифер Шеридан) [2024, Великобритания, фантастика, фэнтези, боевик, комедия, приключения, HEVC, Dolby Vision, HDR10, WEB-DL 2160p, 4k] [Hybrid] MVO (NewStudio) + Original + Sub (Rus, Eng)"
6510503,2,18905318,51E5602F7D0E14D57F16343634961FCF45328033,47140668394,1,2026-07-31 02:21:01,5,1,"{7,24,24,24,24,24,24,24,24,24,23,24,24,24,24,24,24,24,24,23,25,24,24,24,25,24,24,26,24,24,24}","{33,102,102,117,115,101,99,94,96,95,90,93,105,105,138,123,105,110,89,91,76,109,97,102,109,131,132,148,121,119,121}","Джентльмен в Москве / A Gentleman in Moscow / Сезон: 1 / Серии: 1-8 из 8 (Сэм Миллер, Сара О’Горман) [2024, Великобритания, триллер, драма, история, HEVC, Dolby Vision, HDR10+, HDR10, WEB-DL 2160p, 4k] [Hybrid] 5 x MVO (HDRezka, Jaskier, LostFilm, TVShows, Red Head Sound) + Original + Sub (Rus, Eng)"
6510565,2,18905318,241CBF1D7741FB154D324F2F2886AD5C592F23F9,37480649124,1,2026-07-31 02:21:01,7,1,"{7,24,24,24,24,24,24,24,24,24,23,24,24,24,24,24,24,24,24,23,25,24,24,24,25,24,24,26,24,24,24}","{34,109,115,147,150,107,143,103,107,107,110,104,135,142,150,146,171,147,107,86,121,151,150,164,171,90,96,104,104,100,118}","День, когда мы были счастливы / We Were the Lucky Ones / Сезон: 1 / Серии: 1-8 из 8 (Амит Гупта, Ниса Хардиман, Томас Каил) [2024, Великобритания, Драма, HEVC, Dolby Vision, HDR10, WEB-DL 2160p, 4k] [Hybrid] 2 x MVO (HDRezka, TVShows) + Original (Eng) + Sub (Eng)"
6511059,2,18905318,0361ED5137C2F48265DF1EE28DA09577BDC25F24,36974318031,1,2026-07-31 02:21:01,3,2,"{7,24,24,24,24,24,24,24,24,24,23,24,24,24,24,24,24,24,24,23,25,24,24,24,25,24,24,26,24,24,24}","{16,47,44,59,60,60,56,54,51,58,45,54,60,65,79,80,73,78,68,70,65,63,49,53,54,50,51,56,52,58,52}","Разбойница Нелл / Renegade Nell / Сезон: 1 / Серии: 1-8 из 8 (Аманда Бротчи, М.Дж. Делани, Бен Тэйлор) [2024, Великобритания, фэнтези, боевик, драма, приключения, история, Dolby Vision, HDR10, WEB-DL 2160p, 4k] [Hybrid] 2 x MVO (HDRezka Studio, TVShows) + Original + Sub (Eng)"
6520200,2,18905318,F70229DC65326064683BD70D938F50BC34E82193,37192135666,1,2026-07-31 02:21:01,38,0,"{7,24,24,24,24,24,24,24,24,24,23,24,24,24,24,24,24,24,24,23,25,24,24,24,25,24,24,26,24,24,24}","{276,1015,1088,1110,1075,1016,995,981,960,965,934,869,867,832,914,855,883,920,960,887,896,834,850,954,933,982,938,925,893,983,1113}","Олененок / Baby Reindeer / Сезон: 1 / Серии: 1-7 из 7 (Жозефин Борнебуш) [2024, Великобритания, драма, Dolby Vision, HDR10, WEB-DL 2160p, 4k] [Hybrid] 3 x MVO (HDRezka, TVSHows, Red Head Sound) + DVO (Кубик в Кубе) + Original + Sub (Rus, Eng)"
6541374,2,18905318,E689E42F69E0C00035A20F107AE9BCBF79EE2627,49071904920,1,2026-07-31 02:21:01,5,2,"{7,24,24,24,24,24,24,24,24,24,23,24,24,24,24,24,24,24,24,23,25,24,24,24,25,24,24,26,24,24,24}","{30,83,88,90,89,83,91,94,96,81,97,100,92,108,93,76,84,83,95,99,90,89,92,103,112,109,104,111,96,110,95}","Джентльмен в Москве / A Gentleman in Moscow / Сезон: 1 / Серии: 1-8 из 8 (Сэм Миллер, Сара О’Горман) [2024, Великобритания, триллер, драма, история, HEVC, SDR, WEB-DL 2160p, 4k] [Hybrid] 5 x MVO (HDRezka, Jaskier, LostFilm, TVShows, Red Head Sound) + Original + Sub (Rus, Eng)"
6550348,2,18905318,57AC2E8C7FD41149CD3EB2B651982058D0E7A45D,39185437446,1,2026-07-31 02:21:01,21,3,"{7,24,24,24,24,24,24,24,24,24,23,24,24,24,24,24,24,24,24,23,25,24,24,24,25,24,24,26,24,24,24}","{156,518,506,570,552,515,498,496,517,480,488,494,479,446,468,409,456,465,460,452,479,380,418,402,401,370,371,543,495,440,520}","Хороших девочек не убивают / A Good Girl's Guide to Murder / Сезон: 1 / Серии: 1-6 из 6 (Долли Уэллс) [2024, Великобритания, триллер, детектив, HEVC, HLG, WEB-DL 2160p, 4k] Dub (Videofilm) + 3x MVO (HDRezka, TVShows, Red Head Sound) + Original + Sub (Rus, Eng)"
6560625,2,18905318,AF532592AC0D30253C1B25A182CB849CE3DA1810,49915318547,1,2026-07-31 02:21:01,4,2,"{7,24,24,24,24,24,25,24,24,24,23,24,24,24,24,24,24,24,24,23,25,24,24,24,25,24,24,26,24,24,24}","{28,76,81,91,91,83,72,85,85,90,81,89,95,90,110,95,91,86,92,88,90,88,80,82,98,100,103,119,96,96,89}","Этот город / This Town / Сезон: 1 / Серии: 1-6 из 6 (Пол Уиттингтон) [2024, США, Великобритания, драма, HEVC, HLG, WEB-DL 2160p, 4k] MVO (Ozz) Original + Sub (Rus, Eng)"
6571996,2,18905318,06BB47E71D60D874B35665E9F00EAE2E3C17DC49,53477757453,1,2026-07-31 02:21:01,6,2,"{7,24,24,24,24,24,24,24,24,24,23,24,24,24,24,24,24,24,24,23,25,24,24,24,25,24,24,26,24,24,24}","{45,185,192,189,158,185,194,169,169,175,161,158,146,148,162,151,155,188,184,207,217,190,136,138,129,160,155,148,129,157,183}","Каос / Kaos / Сезон: 1 / Серии: 1-8 из 8 (Джорджи Бэнкс-Дэвис, Руньяраро Мапфумо) [2024, Великобритания, фэнтези, драма, комедия, HEVC, WEB-DL 2160p, 4k] Dub (Videofilm) + 4 x MVO (HDRezka, TVShows, 1WinStudio, LE-Production) + Dub (Ukr) + Original + Sub (Rus, Eng)"
6572339,2,18905318,370568E1B26E1C5A334006CC4EE81523051DF154,57495150853,1,2026-07-31 02:21:01,13,2,"{7,24,24,24,24,24,24,24,24,24,23,24,24,24,24,24,24,24,24,23,25,24,24,24,25,24,24,26,24,24,24}","{87,301,290,281,255,253,258,290,249,261,239,248,244,233,267,244,274,299,291,306,304,278,269,264,268,312,241,287,282,295,307}","Каос / Kaos / Сезон: 1 / Серии: 1-8 из 8 (Джорджи Бэнкс-Дэвис, Руньяраро Мапфумо) [2024, Великобритания, фэнтези, драма, комедия, HDR10, WEB-DL 2160p, 4k] Dub (Videofilm) + 4 x MVO (HDRezka, TVShows, 1WinStudio, LE-Production) + Dub (Ukr) + Original + Sub (Rus, Eng)"
6587491,2,9115373,4DFABB8EDAF3706F52B3E3D8DC0CA91E43539803,33619440148,1,2026-07-31 02:21:01,10,0,"{7,24,24,24,24,24,24,24,24,24,23,24,24,24,24,24,24,24,24,23,25,24,24,24,25,24,24,26,24,24,24}","{73,239,271,320,295,339,318,306,299,379,322,328,316,303,299,337,261,268,286,261,246,171,216,240,251,183,215,326,307,309,282}","Дорогуша / Sweetpea / Сезон: 1 / Серии: 1-6 из 6 (Элла Джонс) [2024, Великобритания, Драма, комедия, HLG, WEB-DL 2160p, 4k] 3 x MVO (HDRezka Studio, TVShows, LostFilm) + DVO (Кубик в Кубе) + Original + Sub (Rus, Eng)"
6591056,2,18905318,000ECE976500D1BBDD9B771F6C31D403D8061580,35313586892,1,2026-07-31 02:21:01,7,2,"{7,24,24,24,24,24,24,24,24,24,23,24,24,24,24,24,24,24,24,23,25,24,24,24,25,24,24,26,24,24,24}","{39,130,149,139,133,115,92,95,87,110,160,148,147,134,201,225,184,183,165,154,171,157,137,152,140,112,110,151,165,136,145}","Час дьявола / The Devil's Hour / Сезон: 2 / Серии: 1-5 из 5 (Джонни Аллан, Изабель Сиб) [2024, Великобритания, триллер, драма, мистика, HDR10+, WEB-DL 2160p, 4k] 3 x MVO (NewStudio, TVShows, LE-Production) + Original + Sub (Rus, Eng)"
6591060,2,18905318,981DE1FCCB6F1D52A8634E3FED9019FD7BD9EDF5,35829068672,1,2026-07-31 02:21:01,5,2,"{7,24,24,24,24,24,24,24,24,24,23,24,24,24,24,24,24,24,24,23,25,24,24,24,25,24,24,26,24,24,24}","{26,88,85,123,153,158,130,136,107,138,114,106,151,149,147,126,122,125,98,92,94,104,130,148,137,112,99,106,107,142,120}","Час дьявола / The Devil's Hour / Сезон: 2 / Серии: 1-5 из 5 (Джонни Аллан, Изабель Сиб) [2024, Великобритания, триллер, драма, мистика, SDR, WEB-DL 2160p, 4k] 3 x MVO (NewStudio, TVShows, LE-Production) + Original + Sub (Rus, Eng)"
6594933,2,18905318,74117CDD53A72B430AC36B338ADADB311B87FE52,22484229515,1,2026-07-31 02:21:01,6,3,"{7,24,24,24,24,24,24,24,24,24,23,24,24,24,24,24,24,24,24,23,25,24,24,24,25,24,24,26,24,24,24}","{32,117,98,111,112,101,102,113,120,111,106,110,108,105,113,106,110,110,113,103,108,118,107,111,114,109,101,119,112,113,111}","Чрезвычайно королевский скандал / A Very Royal Scandal / Сезон: 1 / Серии: 1-3 из 3 (Джулиан Джаррольд) [2024, Великобритания, драма, SDR, WEB-DL 2160p, 4k] 3 x MVO (HDRezka, TVShows, 1WinStudio) + Original + Sub (Rus, Eng)"
6597093,2,18905318,C357B86FB95C3F98C80B66C2453BF609AA0989A4,32150607987,1,2026-07-31 02:21:01,7,3,"{7,24,24,24,24,24,24,24,24,24,23,24,24,24,24,24,24,24,24,23,25,24,24,24,25,24,24,26,24,24,24}","{39,122,130,148,153,141,140,136,129,132,128,133,129,129,137,130,133,134,136,123,132,112,108,93,114,108,104,119,132,129,126}","Джоан / Joan / Сезон: 1 / Серии: 1-6 из 6 (Ричард Лэкстон) [2024, Великобритания, драма, криминал, HDR10, WEB-DL 2160p, 4k] 2 x MVO (TVShows, Red Head Sound) + Original + Sub (Eng)"
6597649,2,18905318,AF3932A7556A17763CE5DD9D681CFA8BA5ADFECA,42908561702,1,2026-07-31 02:21:01,10,1,"{7,24,24,24,24,24,24,25,24,24,23,24,24,24,24,24,24,24,24,23,25,24,24,24,25,24,24,26,24,24,24}","{64,285,282,212,230,238,199,198,141,211,234,265,332,290,239,240,211,242,246,220,231,202,199,176,182,185,170,146,159,131,150}","Час дьявола / The Devil's Hour / Сезон: 1 / Серии: 1-6 из 6 (Джонни Аллан, Изабель Сиб) [2022, Великобритания, триллер, драма, мистика, SDR, WEB-DL 2160p, 4k] 3 x MVO (NewStudio, TVShows, RuDub) + Original + Sub (Rus, Eng)"
6617450,2,18905318,F1F875246E3FCECB0AD0C5F6745C1C35E3644614,33252237898,1,2026-07-31 02:21:01,17,1,"{7,24,24,24,24,24,24,24,24,24,23,24,24,24,24,24,24,24,24,23,25,24,24,24,25,24,24,26,24,24,24}","{111,459,377,385,440,461,401,374,342,493,496,429,452,439,387,483,441,446,483,492,453,335,347,384,443,462,531,522,396,434,389}","Страйк / Strike / Сезон: 6 (5) / Серии: 1-4 из 4 (Сьюзэн Талли) [2024, Великобритания, детектив, драма, криминал, триллер, HLG, WEB-DL 2160p, 4k] 2 x MVO (LostFilm, NewStudio) Original + Sub (Rus, Eng)"
6626182,2,18905318,73E74561BD07DDC0BB8EF23DD02D27FA3225288A,54231180106,1,2026-07-31 02:21:01,18,3,"{7,24,24,24,24,24,24,24,24,24,23,24,24,24,24,24,24,24,24,23,25,24,24,24,25,24,24,26,24,24,24}","{118,379,378,376,409,421,414,401,325,375,383,384,370,402,359,366,403,425,430,412,432,377,295,316,318,315,313,317,335,375,396}","Чёрные голуби / Black Doves / Сезон: 1 / Серии: 1-6 из 6 (Алекс Габасси) [2024, Великобритания, боевик, триллер, драма, HEVC, HDR10, Dolby Vision, WEB-DL 2160p, 4k] Dub (Videofilm) + 4 x MVO (HDRezka, TVShows, 1WinStudio, LE-Production) + DVO (Viruse Project) + Ukr + Original + Sub (Rus, Ukr, Eng)"
6637012,2,28166740,2BF0FBECE4A7CA365A61E0741B8653F85FA7E948,31508239580,1,2026-07-31 02:21:01,4,2,"{7,24,24,24,24,24,24,24,24,24,23,24,24,24,24,24,24,24,24,23,25,24,24,24,25,24,24,26,24,24,24}","{30,89,108,117,112,99,116,113,110,109,106,113,100,110,113,115,125,118,124,101,110,101,100,101,107,111,110,120,114,102,107}","Ночной экспресс / Nightsleeper / Сезон: 1 / Серии: 1-6 из 6 (Джон Хэйес, Джейми Магнус Стоун) [2024, Великобритания, Боевик, триллер, драма, SDR, WEB-DL 2160p, 4k] MVO (Amedia) + Original + Sub (Rus, Eng)"
6644290,2,18905318,12893F3CDCF373954CE5B6D64AD7C60C0F1FF8FF,76323111235,1,2026-07-31 02:21:01,8,1,"{7,24,24,24,24,24,24,24,24,24,23,24,24,24,24,24,24,24,24,23,25,24,24,24,25,24,24,26,24,24,24}","{51,132,134,101,117,128,117,117,117,121,126,115,107,88,140,116,107,116,109,111,102,92,88,89,98,111,132,132,108,109,80}","Опасные числа / Основная цель / Prime Target / Сезон: 1 / Серии: 1-8 из 8 (Брэйди Худ) [2025, Великобритания, драма, HEVC, HDR10+, Dolby Vision, WEB-DL 2160p, 4k] 4 x MVO (HDrezka Studio, TVShows, WStudio, Red Head Sound) + Original (Eng) + Sub (Rus, Eng)"
6654280,2,18905318,F3F82AE6FBEA92642CCC5E2821FF8B42F3A1ADD7,42255526732,1,2026-07-31 02:21:01,6,1,"{7,24,24,24,24,24,24,24,24,24,23,24,24,24,24,24,24,24,24,23,25,24,24,24,25,24,24,26,24,24,24}","{35,129,117,136,116,129,125,117,110,124,126,125,120,113,120,115,113,91,75,104,141,111,123,114,136,157,127,154,116,111,116}","Тысяча ударов / A Thousand Blows / Сезон: 1 / Серии: 1-6 из 6 (Эшли Уолтерс) [2025, Великобритания, драма, история, спорт, HDR10, Dolby Vision, WEB-DL 2160p, 4k] Hybrid 7 x MVO (NewComers, HDrezka, LostFilm, TVShows, WStudio, Red Head Sound, LE-Production) + DVO + Original + Sub (Rus, Eng)"
6666132,2,18905318,EFBABF1E68EEAD8537835988EBEA8971EB97A808,31074353339,1,2026-07-31 02:21:01,46,2,"{7,24,24,24,24,24,24,24,24,24,23,24,24,24,24,24,24,24,24,23,25,24,24,24,25,24,24,26,24,24,24}","{310,1123,1065,1175,1098,1185,1112,1114,1071,953,893,842,925,908,931,972,1010,982,1053,907,972,878,925,1037,1042,1000,1051,1195,1203,1189,1139}","Переходный возраст / Adolescence / Сезон: 1 / Серии: 1-4 из 4 (Фил Барантини) [2025, Великобритания, Драма, триллер, HEVC, SDR, WEB-DL 2160p, 4k] 5 x MVO (Winmedia, HDRezka Studio, TVShows, LostFilm, WStudio) + Ukr Dub (Postmodern) + Original + Sub (Rus, Ukr, Eng)"
6673474,2,18905318,636153A520955D0D4CDAC8196184CFE670C9BC2A,38000398594,1,2026-07-31 02:21:01,49,1,"{7,24,24,24,24,24,24,24,24,24,23,24,24,24,24,24,24,24,24,23,25,24,24,24,25,24,24,26,24,24,24}","{339,1362,1326,1362,1423,1291,1332,1273,1432,1416,1417,1382,1274,1272,1446,1384,1337,1437,1297,1287,1389,1152,1301,1371,1452,1541,1469,1652,1551,1605,1608}","Переходный возраст / Adolescence / Сезон: 1 / Серии: 1-4 из 4 (Фил Барантини) [2025, Великобритания, Драма, триллер, HEVC, Dolby Vision, HDR10, WEB-DL 2160p, 4k] [Hybrid] 5 x MVO (Winmedia, HDRezka Studio, TVShows, LostFilm, WStudio) + Ukr Dub (Postmodern) + Original + Sub (Rus, Ukr, Eng)"
6676763,2,9115373,6ED4B8F33289A937250C704C14AF4A231BB1ACFE,61378592475,1,2026-07-31 02:21:01,64,2,"{7,24,24,24,24,24,24,25,24,24,23,24,24,24,24,24,24,24,24,23,25,24,24,24,25,24,24,26,24,24,24}","{445,1510,1448,1438,1515,1589,1509,1569,1389,1518,1429,1409,1413,1341,1332,1330,1443,1547,1571,1476,1507,1239,1386,1637,1600,1676,1634,1791,1603,1480,1646}","Черное зеркало / Black Mirror / Сезон: 7 / Серии: 1-6 из 6 (Тоби Хэйнс) [2025, Великобритания, Фантастика, триллер, HEVC, HDR10, Dolby Vision, WEB-DL 2160p, 4k] MVO (NewComers, HDRezka Studio, TVShows, LostFilm, WStudio, LE-Production) + DVO + Dub + VO + Ukr Dub + Original + Sub (Rus, Ukr, Eng, Heb)"
6677466,2,18905318,AA5E7136C8ED310CDD01DBF521AE4B82C9A15929,38224323430,1,2026-07-31 02:21:01,21,1,"{7,24,24,24,24,24,24,24,24,24,23,24,24,24,24,24,24,24,24,23,25,24,24,24,25,24,24,26,24,24,24}","{122,474,486,478,516,515,502,481,505,432,416,480,457,443,412,546,451,389,438,475,533,425,481,559,527,498,513,621,528,530,504}","Девять тел в мексиканском морге / Nine Bodies in a Mexican Morgue / Сезон: 1 / Серии: 1-6 из 6 (Вивиан Андерегген) [2025, Великобритания, Триллер, криминал, HEVC, SDR, WEB-DL 2160p, 4k] 5 x MVO (HDrezka, LostFilm, WStudio, Red Head Sound, LE-Production) + DVO (Viruse Project) + Sub (Rus, Eng)"
6688369,2,18905318,D0DC2A3B110BF053C965EE309B83FC04B71D8E96,44435678715,1,2026-07-31 02:21:01,32,1,"{7,24,24,24,24,24,24,24,24,24,23,24,24,24,24,24,24,24,24,23,25,24,24,24,25,24,24,26,24,24,24}","{224,828,836,743,840,840,799,801,737,744,747,882,920,805,779,777,680,778,844,862,801,726,839,839,836,886,931,1056,922,905,892}","Черное зеркало / Black Mirror / Сезон: 7 / Серии: 1-6 из 6 (Тоби Хэйнс) [2025, Великобритания, Фантастика, триллер, SDR, WEB-DL 2160p, 4k] MVO (NewComers, HDRezka, LostFilm, TVShows, WStudio, LE-Production) + Dub (Red Head Sound) + Ukr + Original + Sub (Rus, Ukr, Eng)"
6689492,2,18905318,42DBD084050DCC4F48DFC87C1689F0DBADC668D7,24609628309,1,2026-07-31 02:21:01,12,0,"{7,24,24,24,24,24,24,24,24,24,23,24,24,24,24,24,24,24,24,23,25,24,24,24,25,24,24,26,24,24,24}","{78,348,323,380,363,381,354,366,379,369,331,370,372,335,420,419,392,505,484,459,486,420,415,463,477,453,451,482,393,391,375}","Похищенная / The Stolen Girl / Сезон: 1 / Серии: 1-5 из 5 (Ева Хассон) [2025, Великобритания, триллер, драма, HEVC, HDR10, Dolby Vision, WEB-DL 2160p, 4k] MVO (TVShows) + Original + Sub (Eng)"
6700414,2,18905318,2B33FAA507AFB915995C94F201B5837BBFC01C55,65919359329,1,2026-07-31 02:21:01,6,2,"{7,24,24,24,24,24,24,24,24,24,23,24,24,24,24,24,24,24,24,23,25,24,24,24,25,24,24,26,24,24,24}","{27,94,108,97,94,85,102,103,89,96,88,103,91,71,85,101,85,104,122,100,103,98,103,94,104,92,85,97,94,95,95}","Этот город принадлежит нам / This City Is Ours / Сезон: 1 / Серии: 1-8 из 8 (Энн Рентон, Корри Чэнь, Грейси Отто) [2025, Великобритания, драма, криминал, HLG, WEB-DL 2160p, 4k] MVO (NewStudio) + Original + Sub (Rus, Eng)"
6704121,2,18905318,03B509795FD50D5AA291900778245E4A1329ED3F,79764266915,1,2026-07-31 02:21:01,23,3,"{7,24,24,24,24,24,24,24,24,24,23,24,24,24,24,24,24,24,24,23,25,24,24,24,25,24,24,26,24,24,24}","{164,646,651,654,617,652,716,674,661,639,627,638,703,667,649,605,648,706,688,621,692,583,702,675,662,645,593,704,571,602,510}","Отдел нераскрытых дел / Dept. Q / Сезон: 1 / Серии: 1-9 из 9 (Скотт Фрэнк, Элиза Аморузо) [2025, Великобритания, детектив, драма, криминал, HEVC, HDR10, Dolby Vision, WEB-DL 2160p, 4k] 3 x MVO (LostFilm, TVShows, LE-Production) + AVO (Кашкин) + Original + Sub (Rus, Eng)"
6704148,2,18905318,7D3E25EFC2FD5AF6CE9F1C92E031CA3203B3EA8F,57165765345,1,2026-07-31 02:21:01,22,1,"{7,24,24,24,24,24,24,24,24,24,23,24,24,24,24,24,24,24,24,23,25,24,24,24,25,24,24,26,24,24,24}","{134,515,527,565,658,660,605,592,590,579,557,460,584,679,502,434,422,477,433,391,390,334,339,396,445,503,504,560,444,472,560}","Отдел нераскрытых дел / Dept. Q / Сезон: 1 / Серии: 1-9 из 9 (Скотт Фрэнк, Элиза Аморузо) [2025, Великобритания, детектив, драма, криминал, SDR, WEB-DL 2160p, 4k] 3 x MVO (LostFilm, TVShows, LE-Production) + AVO (Кашкин) + Original + Sub (Rus, Eng)"
6727386,2,18905318,8A51D2396100DCD468D48142F94DE0DF57A8EE59,32432288976,1,2026-07-31 02:21:01,9,0,"{7,24,24,24,24,24,24,24,24,24,23,24,24,24,24,24,24,24,24,23,25,24,24,24,25,24,24,26,24,24,24}","{55,217,209,194,188,201,164,167,173,189,190,251,259,252,263,255,273,311,320,250,244,218,225,239,272,271,252,284,248,223,212}","Токсичный город / Toxic Town / Сезон: 1 / Серии: 1-4 из 4 (Минки Спиро) [2025, Великобритания, драма, HDR10, WEB-DL 2160p, 4k] MVO (LineFilm) + DVO (Viruse Project) + Original + Sub (Rus, Eng)"
6730287,2,18905318,8822910FB22DFA85AC7067A96DDBFA16D64F75B6,74955087295,1,2026-07-31 02:21:01,4,3,"{7,24,24,24,24,24,24,24,24,24,23,24,24,24,24,24,24,24,24,23,25,24,24,24,25,24,24,26,24,24,24}","{19,62,71,98,119,110,118,127,126,123,96,119,128,138,110,111,128,127,127,115,110,140,145,169,114,193,150,136,145,157,176}","Буканьерки / The Buccaneers / Сезон: 2 / Серии: 1-8 из 8 (Шарлотта Риган, Ричард Сеньор, Сюзанна Уайт) [2025, Великобритания, драма, HDR10, HDR10+, Dolby Vision, WEB-DL 2160p, 4k] [Hybrid] 2 x MVO (Red Head Sound, TVShows) + Original + Sub (Rus, Eng)"
6730296,2,18905318,449FE0ED6F3CB247FFC0A9545F62927EEE8C64CC,75842112766,1,2026-07-31 02:21:01,6,2,"{7,24,24,24,24,24,24,24,24,24,23,24,24,24,24,24,24,24,24,23,25,24,24,24,25,24,24,26,24,24,24}","{31,129,147,169,186,171,193,174,177,173,140,168,174,189,150,178,196,184,183,147,144,171,184,198,152,245,197,206,242,238,206}","Буканьерки / The Buccaneers / Сезон: 1 / Серии: 1-8 из 8 (Шарлотта Риган, Ричард Сеньор, Сюзанна Уайт) [2023, Великобритания, драма, HDR10, HDR10+, Dolby Vision, WEB-DL 2160p, 4k] [Hybrid] MVO (TVShows) + Original + Sub (Rus, Eng)"
6736670,2,18905318,E500DA9D470007D062E1C96F564D5E78BA1E9489,25319211363,1,2026-07-31 02:21:01,4,1,"{7,24,24,24,24,24,24,24,24,24,23,24,24,24,24,24,24,24,24,23,25,24,24,24,25,24,24,26,24,24,24}","{30,102,100,97,104,98,109,99,121,112,95,100,84,108,107,101,98,94,104,92,100,98,96,93,117,96,98,104,99,96,90}","Заложник / Hostage / Сезон: 1 / Серии: 1-5 из 5 (Изабель Зиб,, Эми Нил) [2025, Великобритания, триллер, драма, HEVC, HDR10, Dolby Vision, WEB-DL 2160p, 4k] [Hybrid] 5 x MVO (HDrezka, Red Head Sound, WStudio, TVShows, LE-Production) + Original + Sub (Rus, Eng)"
6745971,2,179544,7EF4703D6A50157650770C8FE0755063DFADA84D,48033507949,1,2026-07-31 02:21:01,8,2,"{7,24,24,24,24,24,24,24,24,24,23,24,24,24,24,24,24,24,24,23,25,24,24,24,25,24,24,26,24,24,24}","{58,219,210,212,193,210,209,197,191,212,238,211,222,225,219,207,215,259,233,187,228,183,177,199,220,211,202,232,224,223,222}","Ориджин / Происхождение / Origin / Сезон: 1 / Серии: 1-10 из 10 (Пол У.С. Андерсон, Марк Брозел, Хуан Карлос Медина) [2018, Великобритания, ужасы, фантастика, SDR, WEB-DL 2160p, 4k] MVO (LostFilm) + Original + Sub (Rus, Eng, Fra, Deu, Ita, Esp)"
6751549,2,16889754,88562589E3D7D51F9DE8335EF2E825BCE68805C9,62690871962,1,2026-07-31 02:21:01,18,1,"{7,24,24,24,24,24,24,24,24,24,23,24,24,24,24,24,24,24,24,23,25,24,24,24,25,24,24,26,24,24,24}","{139,474,491,483,497,465,452,415,454,439,452,477,439,424,428,464,512,496,579,509,536,504,475,471,472,537,541,584,507,490,485}","Дом Гиннесса / Дом Гиннессов / House of Guinness / Сезон: 1 / Серии: 1-8 из 8 (Том Шенкленд, Муния Аки) [2025, Великобритания, драма, биография, история, SDR, WEB-DL 2160p, 4k] 3 x MVO (HDrezka Studio, LostFilm, LE-Production) + Dub + Dub (Ukr) + Original (Eng) + Sub (Rus, Ukr, Eng)"
6757335,2,9115373,5CD09D1195B37428B7C976640BF1B7953397D50D,16779021060,1,2026-07-31 02:21:01,9,1,"{7,24,24,24,24,24,24,24,24,24,23,24,24,24,24,24,24,24,24,23,25,24,24,24,25,24,24,26,24,24,24}","{56,204,201,171,193,167,174,177,169,160,165,178,155,180,166,186,168,168,134,152,149,149,149,192,178,169,155,220,165,189,225}","Взлом / The Hack / Сезон: 1 / Серии: 1-7 из 7 (Льюис Арнольд) [2025, Великобритания, Драма, HEVC, SDR, WEB-DL 2160p, 4k] MVO (TVShows) + Original + Sub (Eng)"
6757338,2,9115373,4416E7B418DA502EEC6B8138D0A5F7C0B630BABF,17372693349,1,2026-07-31 02:21:01,11,3,"{7,24,24,24,24,24,24,24,24,24,23,24,24,24,24,24,24,24,24,23,25,24,24,24,25,24,24,26,24,24,24}","{72,232,248,216,223,205,232,222,190,210,262,253,249,207,203,187,171,171,196,172,234,208,195,220,219,207,219,259,197,203,223}","Взлом / The Hack / Сезон: 1 / Серии: 1-7 из 7 (Льюис Арнольд) [2025, Великобритания, Драма, HEVC, HDR10, WEB-DL 2160p, 4k] MVO (TVShows) + Original + Sub (Eng)"
6786503,2,18905318,6166DC0AFE0E9FED04AEAC6DDB7FF240CF06B6FD,11996859954,1,2026-07-31 02:21:01,7,2,"{7,24,24,24,24,24,24,24,24,24,23,24,24,24,24,24,24,24,24,23,25,24,24,24,25,24,24,26,24,24,24}","{44,145,154,166,148,159,143,115,137,117,124,135,130,135,137,141,149,163,165,139,155,142,148,171,136,158,128,139,127,168,175}","Человек против малыша / Man Vs Baby / Сезон: 1 / Серии: 1-4 из 4 (Дэвид Керр) [2025, Великобритания, комедия, семейный, HEVC, HDR10, Dolby Vision, WEB-DL 2160p, 4k] 6 x MVO (NewComers, HDrezka, LostFilm, WStudio, Дубляжная, LE-Production, Dragon Money) + Original + Sub (Rus, Eng)"
6786506,2,18905318,976CD473EDFC127E987B8D9CB017291C82862C6C,15658993023,1,2026-07-31 02:21:01,13,1,"{7,24,24,24,24,24,24,24,24,24,23,24,24,24,24,24,24,24,24,23,25,24,24,24,25,24,24,26,24,24,24}","{85,282,280,300,335,325,306,336,311,308,309,325,335,300,255,303,317,311,372,369,346,317,378,420,459,428,381,463,441,419,425}","Человек против малыша / Man Vs Baby / Сезон: 1 / Серии: 1-4 из 4 (Дэвид Керр) [2025, Великобритания, комедия, семейный, HEVC, SDR, WEB-DL 2160p, 4k] 6 x MVO (NewComers, HDrezka, LostFilm, WStudio, Дубляжная, LE-Production, Dragon Money) + Original + Sub (Rus, Eng)"
6798733,2,18905318,4B7EB84817C419107D2152072BC513DFD01F2235,56052729217,1,2026-07-31 02:21:01,9,0,"{7,24,24,24,24,24,24,24,24,24,23,24,24,24,24,24,24,24,24,23,25,24,24,24,25,24,24,26,24,24,24}","{59,269,254,289,227,201,130,140,141,170,157,170,202,161,121,154,136,137,152,147,140,124,130,158,162,234,239,245,150,175,142}","Убегай! / Run Away / Сезон: 1 / Серии: 1-8 из 8 (Нимер Рашед, Ишер Сахота) [2026, Великобритания, драма, криминал, детектив, HEVC, Dolby Vision, HDR10, WEB-DL 2160p, 4k] 2 x MVO (WinMedia, LE-Production) + Original + Sub (Rus, Eng)"
6803925,2,18905318,A834E0ED9F02686BF3F007C3BB9CD35C2CFE7F11,28690059944,1,2026-07-31 02:21:01,18,1,"{7,24,24,24,24,24,24,24,24,24,23,24,24,24,24,24,24,24,24,23,25,24,24,24,25,24,24,26,24,24,24}","{125,476,492,523,477,478,507,463,543,577,514,535,541,518,500,479,446,494,507,519,495,453,464,470,498,530,484,538,429,475,458}","Тайна семи циферблатов / Агата Кристи: Тайна семи циферблатов / Agatha Christie's Seven Dials / Сезон: 1 / Серии: 1-3 из 3 (Крис Суини) [2026, Великобритания, детектив, криминал, Dolby Vision, HDR10, WEB-DL 2160p, 4k] Dub (Videofilm Int.) + 6 x MVO + Ukr Dub + Original + Sub (Rus, Ukr, Eng)"
6806535,2,18905318,4AB5F1737686BAC091BE08C2DAB3491DD5C202A6,19358961598,1,2026-07-31 02:21:01,8,1,"{7,24,24,24,24,24,24,24,24,24,23,24,24,24,24,24,24,24,24,23,25,24,24,24,25,24,24,26,24,24,24}","{56,184,182,177,183,211,207,186,150,210,226,211,161,156,145,145,126,145,137,175,202,169,164,159,204,207,244,249,207,186,160}","Тайна семи циферблатов / Агата Кристи: Тайна семи циферблатов / Agatha Christie's Seven Dials / Сезон: 1 / Серии: 1-3 из 3 (Крис Суини) [2026, Великобритания, детектив, криминал, HEVC, SDR, WEB-DL 2160p, 4k] Dub (Videofilm Int.) + 6 x MVO + Ukr Dub + Original + Sub (Rus, Ukr, Eng)"
6810501,2,18905318,1E19781C12E512C0C7F54B53C7FBF7F7EEB9A164,37352467061,1,2026-07-31 02:21:01,11,3,"{7,24,24,24,24,24,24,24,24,24,23,24,24,24,24,24,24,24,24,23,25,24,24,24,25,24,24,26,24,24,24}","{67,239,177,191,169,215,182,169,160,157,174,187,236,175,168,177,200,220,204,205,235,185,181,198,194,152,152,155,141,144,134}","Похищенная девушка / Girl Taken / Сезон: 1 / Серии: 1-6 из 6 (Лаура Вэй, Бинду Де Стоппани) [2026, Великобритания, триллер, SDR, WEB-DL 2160p, 4k] 4 x MVO (WinMedia, Red Head Sound, LE-Production, RuDub) + Original + Sub (Eng)"
6813798,2,18905318,4442442F93D163E3501C3B0625A14E79AA29D826,33476915349,1,2026-07-31 02:21:01,11,1,"{7,24,24,24,24,24,24,24,24,24,23,24,24,24,24,24,24,24,24,23,25,24,24,24,25,24,24,26,24,24,24}","{68,279,264,282,300,300,293,283,274,283,251,254,240,243,205,187,177,178,203,221,245,198,176,193,205,205,251,248,219,215,152}","Маленькие катастрофы / Little Disasters / Сезон: 1 / Серии: 1-6 из 6 (Эва Сигурдардоттир) [2025, Великобритания, Триллер, Драма, SDR, WEB-DL 2160p, 4k] MVO (NewStudio) + Original + Sub (Rus, Eng)"
6814087,2,18905318,A0CF8B66CC8A3FDDC24834355BFCCB8070C5119E,14168563647,1,2026-07-31 02:21:01,5,1,"{7,24,24,24,24,24,24,25,24,24,23,24,24,24,24,24,24,24,24,23,25,24,24,24,25,24,24,26,24,24,24}","{30,109,117,112,134,133,118,98,97,99,93,98,93,87,88,96,96,96,87,90,96,80,73,75,93,118,109,121,115,120,116}","Клуб мести / The Revenge Club / Сезон: 1 / Серии: 1-6 из 6 (Тим Киркби, Дэниэл О’Хара) [2025, Великобритания, триллер, драма, комедия, HEVC, SDR, WEB-DL 2160p, 4k] MVO (Ozz, RuDub) + Original + Sub (Rus, Eng)"
6820953,2,18905318,1528901BC5CAA22D8906213BEEF155D095D9AD10,39239499006,1,2026-07-31 02:21:01,6,1,"{7,24,24,24,24,24,24,25,24,24,23,24,24,24,24,24,24,24,24,23,25,24,24,24,25,24,24,26,24,24,24}","{37,132,139,125,136,163,214,217,182,186,194,194,199,182,194,160,150,178,157,144,147,180,172,181,194,143,155,170,154,145,131}","Ждущий выхода / Waiting for the Out / Сезон: 1 / Серии: 1-6 из 6 (Жанетт Нордаль, Бен Палмер) [2026, Великобритания, драма, HLG, WEB-DL 2160p, 4k] MVO (Jaskier) + Original + Sub (Rus, Eng)"
6824802,2,17362937,337CA4EE9CF46F504604E61142FB5A267688D6A4,26494288736,1,2026-07-31 02:21:01,33,0,"{7,24,24,24,24,24,24,24,24,24,23,24,24,24,24,24,24,24,24,23,25,24,24,24,25,24,24,26,24,24,24}","{260,969,963,838,904,985,893,956,988,924,983,1028,1022,967,907,925,1082,1100,1106,1055,978,752,919,1005,910,1003,1018,1094,950,852,881}","Повелитель мух / Lord of the Flies / Сезон: 1 / Серии: 1-4 из 4 (Марк Манден) [2026, Великобритания, триллер, драма, HDR, WEB-DL 2160p, 4k] 2 x MVO (HDRezka Studio, LostFilm) + Original + Sub (Rus, Eng)"
6837707,2,18905318,68CAD8D06BA775A12AE28E589C3A2C79EF2F674F,27113687747,1,2026-07-31 02:21:01,13,1,"{7,24,24,24,24,24,24,24,24,24,23,24,24,24,24,24,24,24,24,23,25,24,24,24,25,24,24,26,24,24,24}","{86,313,267,265,272,246,239,219,202,199,208,259,274,198,207,216,177,168,179,187,227,181,160,234,248,225,185,266,232,209,200}","Исчезнувший / Vanished / Сезон: 1 / Серии: 1-4 из 4 (Барнеби Томпсон) [2026, Великобритания, Триллер, WEB-DL 2160p, HDR10+, WEB-DL 2160p, 4k] 4 x MVO (HDrezka Studio, Red Head Sound, LE-Production, Dragon Money Studio) + Original + Sub (Rus, Eng)"
6849489,2,9115373,B9C7B8DF21117E3EE1F904955AA32A828787E1D2,13579477738,1,2026-07-31 02:21:01,4,2,"{7,24,24,24,24,24,24,24,24,24,23,24,24,24,24,24,24,24,24,23,25,24,24,24,25,24,24,26,24,24,24}","{25,83,81,84,74,87,90,66,67,64,46,48,56,64,70,70,79,80,117,77,59,55,45,72,98,85,91,98,84,91,90}","Человек против пчелы / Man vs Bee / Сезон: 1 / Серии: 1-9 из 9 (Дэвид Керр) [2022, Великобритания, Комедия, HEVC, WEB-DL 2160p, 4k] 5 x MVO (HDRezka Studio, NewComers, LostFilm, TVShows, RuDub) + Ukr MVO (HDRezka Studio) + Original + Sub (Rus, Ukr, Eng, Heb)"
6849711,2,9115373,6B2DB2F05C3399FA71D69150AE6623EA79548CD2,14857151370,1,2026-07-31 02:21:01,2,2,"{7,24,24,24,24,24,24,24,24,24,23,24,24,24,24,24,24,24,24,23,25,24,24,24,25,24,24,26,24,24,24}","{14,45,43,48,54,54,29,13,12,24,8,15,3,9,19,26,12,14,23,21,21,18,20,12,28,29,39,26,33,35,15}","Человек против пчелы / Man vs Bee / Сезон: 1 / Серии: 1-9 из 9 (Дэвид Керр) [2022, Великобритания, Комедия, HEVC, HDR10, Dolby Vision, WEB-DL 2160p, 4k] 5 x MVO (HDRezka Studio, NewComers, LostFilm, TVShows, RuDub) + Ukr MVO (HDRezka Studio) + Original + Sub (Rus, Ukr, Eng, Heb)"
6852953,2,18905318,0FDFB985BDC8701DE508B147BA37F734EF55ADE9,52394391630,1,2026-07-31 02:21:01,13,2,"{7,24,24,24,24,24,24,24,24,24,23,24,24,24,24,24,24,24,24,23,25,24,24,24,25,24,24,26,24,24,24}","{80,281,293,317,335,366,299,325,405,410,450,441,474,419,437,454,493,511,577,530,417,313,377,348,373,336,354,453,376,469,445}","Захват / The Capture / Сезон: 3 / Серии: 1-6 из 6 (Энтони Филипсон, Джонни Аллан) [2026, Великобритания, Триллер, криминал, детектив, HEVC, HLG, WEB-DL 2160p, 4k] 2 x MVO (LostFilm, LE-Production) + Original + Sub (Eng)"
6856292,2,17362937,4AA694EF86645CB399BBFBA8544D7B62666BB3FC,36583094580,1,2026-07-31 02:21:01,21,1,"{7,24,24,24,24,24,24,24,24,24,23,24,24,24,24,24,24,24,24,23,25,24,24,24,25,24,24,26,24,24,24}","{142,501,457,445,392,470,475,443,437,471,414,396,400,300,305,356,370,386,371,349,423,272,258,248,292,290,422,527,381,333,298}","Повелитель мух / Lord of the Flies / Сезон: 1 / Серии: 1-4 из 4 (Марк Манден) [2026, Великобритания, триллер, драма, HDR10, Dolby Vision, WEB-DL 2160p, 4k] 2 x MVO (HDRezka Studio, LostFilm) + Original + Sub (Rus, Eng)"
6859502,2,18905318,33D3A09EDADD429348DE262AF82E28285EAC5064,40475940024,1,2026-07-31 02:21:01,13,1,"{7,24,24,24,24,24,24,24,24,24,23,24,24,24,24,24,24,24,24,23,25,24,24,24,25,24,24,26,24,24,24}","{101,385,354,343,334,322,314,342,373,340,365,362,328,348,312,347,304,325,299,240,213,173,172,190,202,231,342,330,291,255,284}","Другая сестра Беннет / The Other Bennet Sister / Сезон: 1 / Серии: 1-10 из 10 (Асим Аббаси, Дженнифер Шеридан) [2026, Великобритания, драма, HEVC, HLG, WEB-DL 2160p, 4k] MVO (NewStudio) + Original + Sub (Rus, Eng)"
6865419,2,18905318,2507ACA7E0E9946553CA262DEEF8F5BC3952F23F,43185066555,1,2026-07-31 02:21:01,11,1,"{7,24,24,24,24,24,24,24,24,24,23,24,24,24,24,24,24,24,24,23,25,24,24,24,25,24,24,26,24,24,24}","{65,229,238,281,298,278,268,245,262,290,268,295,308,315,297,322,295,309,305,306,345,306,337,353,342,329,338,442,389,375,343}","Хороших девочек не убивают / A Good Girl's Guide to Murder / Сезон: 2 / Серии: 1-6 из 6 (Долли Уэллс) [2026, Великобритания, Германия, триллер, детектив, HEVC, Dolby Vision, HDR10, WEB-DL 2160p, 4k] [Hybrid] Dub (Videofilm) + MVO (HDRezka) + Original + Sub (Rus, Eng)"
6867890,2,18905318,2460ACA32B89397CE8D8C4DDA450E97CB7D9009A,54239675104,1,2026-07-31 02:21:01,12,1,"{7,24,24,24,24,24,24,24,24,24,23,24,24,24,24,24,24,24,24,23,25,24,24,24,25,24,24,26,24,24,24}","{68,276,323,319,282,324,370,349,301,302,240,310,370,409,312,316,345,328,329,457,481,393,411,398,420,443,462,505,355,370,338}","Легенды / Legends / Сезон: 1 / Серии: 1-6 из 6 (Брэйди Худ, Джулиан Холмс) [2026, Великобритания, криминал, драма, HEVC, Dolby Vision, HDR10, WEB-DL 2160p, 4k] 2 x MVO (NewStudio, WinMedia) + Original + Sub (Rus, Eng)"
6873017,2,9115373,03D64F068D5D483B331011423B41F73C014D0C4E,60431152457,1,2026-07-31 02:21:01,26,2,"{7,24,24,24,24,24,24,24,24,24,23,24,24,24,24,24,24,24,24,23,25,24,24,24,25,24,24,26,24,24,24}","{165,521,474,532,578,668,602,485,583,605,560,591,546,472,451,496,540,684,786,678,520,400,463,467,585,617,520,471,426,315,250}","Получеловек / Разделенный / Half Man / Сезон: 1 / Серии: 1-6 из 6 (Александра Бродский, Эшреф Рейбрук) [2026, Великобритания, Драма, HDR10, Dolby Vision, WEB-DL 2160p, 4k] 2 x MVO (Syncmer, Ozz) + DVO (Кубик в Кубе) + MVO Ukr + Original + Sub (Rus, Eng, Heb)"
6875924,2,9115373,7E2648EC8DF753C5EC8CA4EEFA7271FAE3322350,45527791089,1,2026-07-31 02:21:01,17,1,"{7,24,24,24,24,24,24,24,24,24,23,24,24,24,24,24,24,24,24,23,25,24,24,24,25,24,24,26,24,24,24}","{102,487,491,463,381,393,349,323,360,423,365,460,450,410,431,499,348,297,355,400,310,247,212,188,232,256,176,170,196,150,167}","Получеловек / Разделенный / Half Man / Сезон: 1 / Серии: 1-6 из 6 (Александра Бродский, Эшреф Рейбрук) [2026, Великобритания, Драма, SDR, WEB-DL 2160p, 4k] 2 x MVO (Syncmer, Ozz) + DVO (Кубик в Кубе) + MVO Ukr + Original + Sub (Rus, Eng, Heb)"
