user_id,topic_id,status,last_update_time,last_seeded_time,first_update_time
10126551,5356646,16777473,2026-07-30 14:47:22,2026-07-10 10:05:01,2024-06-14 21:42:56
19049822,5356646,1,2026-07-30 05:05:01,2026-07-29 10:05:02,2026-07-26 17:22:08
10126551,5459416,16777473,2026-07-30 14:47:22,2026-07-10 10:05:01,2024-06-07 22:43:21
19049822,5459416,1,2026-07-30 05:05:01,2026-07-27 05:05:01,2026-07-26 17:22:08
10126551,5510765,16777473,2026-07-30 14:47:22,2026-07-10 10:05:01,2024-06-07 22:43:21
19049822,5510765,1,2026-07-30 05:05:01,2026-07-27 05:05:01,2026-07-26 17:22:08
10126551,5667358,16777473,2026-07-30 14:47:22,2026-07-10 10:05:01,2024-06-01 12:42:00
19049822,5667358,1,2026-07-30 05:05:01,2026-07-30 16:05:01,2026-07-26 17:22:08
10126551,5812505,16777473,2026-07-30 14:47:22,2026-07-10 10:05:01,2024-06-01 12:42:00
19049822,5812505,1,2026-07-30 05:05:01,2026-07-30 16:05:01,2026-07-26 17:22:08
10126551,5823725,16777473,2026-07-30 14:47:22,2026-07-10 10:05:01,2024-06-07 22:43:21
19049822,5823725,1,2026-07-30 05:05:01,2026-07-30 16:05:01,2026-07-26 17:22:08
10126551,5844504,16777473,2026-07-30 14:47:22,2026-07-10 10:05:01,2024-06-07 22:43:21
19049822,5844504,1,2026-07-30 05:05:01,2026-07-30 16:05:01,2026-07-26 17:22:08
10126551,5865324,16777473,2026-07-30 14:47:22,2026-07-10 10:05:01,2024-06-17 18:43:02
19049822,5865324,1,2026-07-30 05:05:01,2026-07-27 18:05:01,2026-07-26 17:22:08
10126551,5875801,16777473,2026-07-30 14:47:22,2026-07-28 02:05:01,2024-06-01 12:42:00
19049822,5875801,1,2026-07-30 05:05:01,2026-07-30 16:05:01,2026-07-26 17:22:08
10126551,5901433,16777473,2026-07-30 14:47:22,2026-07-10 10:05:01,2024-06-05 07:43:44
19049822,5901433,1,2026-07-30 05:05:01,2026-07-29 02:05:01,2026-07-26 17:22:08
10126551,5923623,16777473,2026-07-30 14:47:22,2026-07-10 10:05:01,2024-06-12 10:40:57
19049822,5923623,1,2026-07-30 05:05:01,2026-07-27 11:05:01,2026-07-26 17:22:08
10126551,5973320,16777473,2026-07-30 14:47:22,2026-07-10 11:05:01,2024-06-14 21:42:56
19049822,5973320,1,2026-07-30 05:05:01,2026-07-29 11:05:01,2026-07-26 17:22:08
10126551,5982461,16777473,2026-07-30 14:47:22,2026-07-10 10:05:01,2024-06-06 14:40:14
19049822,5982461,1,2026-07-30 05:05:01,2026-07-30 16:05:01,2026-07-26 17:22:08
10126551,5982912,16777473,2026-07-30 14:47:22,2026-07-10 10:05:01,2024-06-06 14:40:14
19049822,5982912,1,2026-07-30 05:05:01,2026-07-30 16:05:01,2026-07-26 17:22:08
10126551,5983255,16777473,2026-07-30 14:47:22,2026-07-10 10:05:01,2024-06-13 22:39:10
19049822,5983255,1,2026-07-30 05:05:01,2026-07-27 05:05:01,2026-07-26 17:22:08
10126551,5989713,16777473,2026-07-30 14:47:22,2026-07-10 10:05:01,2024-06-01 12:42:00
19049822,5989713,1,2026-07-30 05:05:01,2026-07-27 05:05:01,2026-07-26 17:22:08
10126551,5995840,16777473,2026-07-30 14:47:22,2026-07-10 10:05:01,2024-05-31 10:49:01
19049822,5995840,1,2026-07-30 05:05:01,2026-07-29 09:05:01,2026-07-26 17:22:08
10126551,6006589,16777473,2026-07-30 14:47:22,2026-07-30 16:05:01,2024-05-31 10:49:01
19049822,6006589,1,2026-07-30 05:05:01,2026-07-29 11:05:01,2026-07-26 17:22:08
10126551,6021538,16777473,2026-07-30 14:47:22,2026-07-10 10:05:01,2024-06-05 07:43:44
19049822,6021538,1,2026-07-30 05:05:01,2026-07-27 05:05:01,2026-07-26 17:22:08
10126551,6067288,16777473,2026-07-30 14:47:22,2026-07-30 16:05:01,2024-06-17 18:43:02
19049822,6067288,1,2026-07-30 05:05:01,2026-07-29 11:05:01,2026-07-26 17:22:08
10126551,6081316,16777473,2026-07-30 14:47:22,2026-07-10 10:05:01,2024-06-14 21:42:56
19049822,6081316,1,2026-07-30 05:05:01,2026-07-27 05:05:01,2026-07-26 17:22:08
6449581,6104160,1,2026-07-15 04:24:18,2026-07-30 16:05:01,2024-05-13 08:53:00
10126551,6104160,16777473,2026-07-30 14:47:22,2026-07-10 10:05:01,2024-06-06 14:40:14
19049822,6104160,1,2026-07-30 05:05:01,2026-07-27 05:05:01,2026-07-26 17:22:08
10126551,6140417,16777473,2026-07-30 14:47:22,2026-07-10 10:05:01,2024-06-07 22:43:21
19049822,6140417,1,2026-07-30 05:05:01,2026-07-27 05:05:01,2026-07-26 17:22:08
10126551,6146930,16777473,2026-07-30 14:47:22,2026-07-10 10:05:01,2024-06-05 07:43:44
19049822,6146930,1,2026-07-30 05:05:01,2026-07-30 16:05:01,2026-07-26 17:22:08
10126551,6147192,16777473,2026-07-30 14:47:22,2026-07-10 10:05:01,2024-05-31 10:49:01
19049822,6147192,1,2026-07-30 05:05:01,2026-07-27 05:05:01,2026-07-26 17:22:08
10126551,6148803,16777473,2026-07-30 14:47:22,2026-07-10 10:05:01,2024-06-14 21:42:56
19049822,6148803,1,2026-07-30 05:05:01,2026-07-29 11:05:01,2026-07-26 17:22:08
10126551,6149514,16777473,2026-07-30 14:47:22,2026-07-10 10:05:01,2024-06-14 21:42:56
19049822,6149514,1,2026-07-30 05:05:01,2026-07-27 05:05:01,2026-07-26 17:22:08
10126551,6152132,16777473,2026-07-30 14:47:22,2026-07-10 10:05:01,2024-06-05 07:43:44
19049822,6152132,1,2026-07-30 05:05:01,2026-07-27 05:05:01,2026-07-26 17:22:08
10126551,6152819,16777473,2026-07-30 14:47:22,2026-07-10 10:05:01,2024-06-12 10:40:57
19049822,6152819,1,2026-07-30 05:05:01,2026-07-27 05:05:01,2026-07-26 17:22:08
10126551,6174618,16777473,2026-07-30 14:47:22,2026-07-10 10:05:01,2024-06-14 21:42:56
19049822,6174618,1,2026-07-30 05:05:01,2026-07-29 11:05:01,2026-07-26 17:22:08
6449581,6177607,1,2026-07-15 04:24:18,2026-07-30 13:05:01,2024-02-19 00:00:00
10126551,6177607,16777473,2026-07-30 14:47:22,2026-07-10 11:05:01,2024-05-31 10:49:01
19049822,6177607,1,2026-07-30 05:05:01,2026-07-29 11:05:01,2026-07-26 17:22:08
10126551,6179141,16777473,2026-07-30 14:47:22,2026-07-10 10:05:01,2024-06-14 21:42:56
19049822,6179141,1,2026-07-30 05:05:01,2026-07-27 05:05:01,2026-07-26 17:22:08
10126551,6179172,16777473,2026-07-30 14:47:22,2026-07-10 10:05:01,2024-06-01 12:42:00
19049822,6179172,1,2026-07-30 05:05:01,2026-07-27 05:05:01,2026-07-26 17:22:08
10126551,6199199,16777473,2026-07-30 14:47:22,2026-07-30 12:05:01,2024-06-17 18:43:02
19049822,6199199,1,2026-07-30 05:05:01,2026-07-29 11:05:01,2026-07-26 17:22:08
10126551,6208430,16777473,2026-07-30 14:47:22,2026-07-10 10:05:01,2024-06-13 07:39:26
19049822,6208430,1,2026-07-30 05:05:01,2026-07-27 05:05:01,2026-07-26 17:22:08
10126551,6208440,16777473,2026-07-30 14:47:22,2026-07-10 10:05:01,2024-06-07 22:43:21
19049822,6208440,1,2026-07-30 05:05:01,2026-07-29 11:05:01,2026-07-26 17:22:08
10126551,6238120,16777473,2026-07-30 14:47:22,2026-07-10 10:05:01,2024-06-13 22:39:10
19049822,6238120,1,2026-07-30 05:05:01,2026-07-27 06:05:01,2026-07-26 17:22:08
10126551,6238133,16777473,2026-07-30 14:47:22,2026-07-10 10:05:01,2024-06-14 21:42:56
19049822,6238133,1,2026-07-30 05:05:01,2026-07-27 05:05:01,2026-07-26 17:22:08
10126551,6241495,16777473,2026-07-30 14:47:22,2026-07-10 10:05:01,2024-06-05 07:43:44
19049822,6241495,1,2026-07-30 05:05:01,2026-07-27 05:05:01,2026-07-26 17:22:08
10126551,6254395,16777473,2026-07-30 14:47:22,2026-07-30 04:05:01,2024-06-07 22:43:21
19049822,6254395,1,2026-07-30 05:05:01,2026-07-29 11:05:01,2026-07-26 17:22:08
10126551,6263029,16777473,2026-07-30 14:47:22,2026-07-30 16:05:01,2024-06-17 18:43:02
19049822,6263029,1,2026-07-30 05:05:01,2026-07-29 11:05:01,2026-07-26 17:22:08
10126551,6268260,16777473,2026-07-30 14:47:22,2026-07-10 10:05:01,2024-06-14 21:42:56
19049822,6268260,1,2026-07-30 05:05:01,2026-07-27 06:05:01,2026-07-26 17:22:08
10126551,6283236,16777473,2026-07-30 14:47:22,2026-07-10 11:05:01,2024-06-14 21:42:56
19049822,6283236,1,2026-07-30 05:05:01,2026-07-29 11:05:01,2026-07-26 17:22:08
10126551,6288569,16777473,2026-07-30 14:47:22,2026-07-10 10:05:01,2024-06-14 21:42:56
19049822,6288569,1,2026-07-30 05:05:01,2026-07-27 05:05:01,2026-07-26 17:22:08
10126551,6288598,16777473,2026-07-30 14:47:22,2026-07-26 00:05:02,2024-06-17 18:43:02
19049822,6288598,1,2026-07-30 05:05:01,2026-07-29 04:05:01,2026-07-26 17:22:08
10126551,6291419,16777473,2026-07-30 14:47:22,2026-07-10 10:05:01,2024-06-13 22:39:10
19049822,6291419,1,2026-07-30 05:05:01,2026-07-27 05:05:01,2026-07-26 17:22:08
10126551,6292578,16777473,2026-07-30 14:47:22,2026-07-23 10:05:01,2024-06-17 18:43:02
19049822,6292578,1,2026-07-30 05:05:01,2026-07-29 05:05:02,2026-07-26 17:22:08
10126551,6293236,16777473,2026-07-30 14:47:22,2026-07-27 02:05:01,2024-06-05 07:43:44
19049822,6293236,1,2026-07-30 05:05:01,2026-07-29 11:05:01,2026-07-26 17:22:08
10126551,6297983,16777473,2026-07-30 14:47:22,2026-07-30 16:05:01,2024-06-17 18:43:02
19049822,6297983,1,2026-07-30 05:05:01,2026-07-29 11:05:01,2026-07-26 17:22:08
10126551,6300060,16777473,2026-07-30 14:47:22,2026-07-10 10:05:01,2024-06-06 14:40:14
19049822,6300060,1,2026-07-30 05:05:01,2026-07-27 05:05:01,2026-07-26 17:22:08
10126551,6301534,16777473,2026-07-30 14:47:22,2026-07-10 10:05:01,2024-06-13 22:39:10
19049822,6301534,1,2026-07-30 05:05:01,2026-07-29 09:05:01,2026-07-26 17:22:08
10126551,6304846,16777473,2026-07-30 14:47:22,2026-07-30 11:05:01,2024-06-07 22:43:21
19049822,6304846,1,2026-07-30 05:05:01,2026-07-29 11:05:01,2026-07-26 17:22:08
10126551,6318742,16777473,2026-07-30 14:47:22,2026-07-10 10:05:01,2024-06-14 21:42:56
19049822,6318742,1,2026-07-30 05:05:01,2026-07-29 11:05:01,2026-07-26 17:22:08
1140687,6322747,1,2026-07-30 00:05:01,2026-07-30 10:05:01,2025-06-03 00:05:01
10126551,6322747,16777473,2026-07-30 14:47:22,2026-07-30 08:05:01,2024-06-14 21:42:56
19049822,6322747,1,2026-07-30 05:05:01,2026-07-29 11:05:01,2026-07-26 17:22:08
10126551,6335153,16777473,2026-07-30 14:47:22,2026-07-24 04:05:01,2024-06-14 21:42:56
19049822,6335153,1,2026-07-30 05:05:01,2026-07-29 10:05:02,2026-07-26 17:22:08
10126551,6346613,16777473,2026-07-30 14:47:22,2026-07-30 04:05:01,2024-06-01 12:42:00
19049822,6346613,1,2026-07-30 05:05:01,2026-07-29 11:05:01,2026-07-26 17:22:08
10126551,6353565,16777473,2026-07-30 14:47:22,2026-07-30 04:05:01,2024-06-01 12:42:00
19049822,6353565,1,2026-07-30 05:05:01,2026-07-29 11:05:01,2026-07-26 17:22:08
10126551,6356318,16777473,2026-07-30 14:47:22,2026-07-10 10:05:01,2024-06-17 18:43:02
19049822,6356318,1,2026-07-30 05:05:01,2026-07-30 16:05:01,2026-07-26 17:22:08
10126551,6366157,16777473,2026-07-30 14:47:22,2026-07-30 04:05:01,2024-06-05 07:43:44
19049822,6366157,1,2026-07-30 05:05:01,2026-07-29 11:05:01,2026-07-26 17:22:08
10126551,6372087,16777473,2026-07-30 14:47:22,2026-07-30 06:05:01,2024-06-07 22:43:21
19049822,6372087,1,2026-07-30 05:05:01,2026-07-29 11:05:01,2026-07-26 17:22:08
10126551,6374297,16777473,2026-07-30 14:47:22,2026-07-10 10:05:01,2024-06-14 21:42:56
19049822,6374297,1,2026-07-30 05:05:01,,2026-07-26 17:22:08
10126551,6375312,16777473,2026-07-30 14:47:22,2026-07-10 10:05:01,2024-06-01 12:42:00
19049822,6375312,1,2026-07-30 05:05:01,2026-07-27 10:05:01,2026-07-26 17:22:08
10126551,6376642,16777473,2026-07-30 14:47:22,2026-07-10 10:05:01,2024-06-12 10:40:57
19049822,6376642,1,2026-07-30 05:05:01,2026-07-27 07:09:25,2026-07-26 17:22:08
10126551,6380719,16777473,2026-07-30 14:47:22,2026-07-10 10:05:01,2024-06-12 10:40:57
19049822,6380719,1,2026-07-30 05:05:01,2026-07-27 08:26:38,2026-07-26 17:22:08
10126551,6380873,16777473,2026-07-30 14:47:22,2026-07-10 10:05:01,2024-06-05 07:43:44
19049822,6380873,1,2026-07-30 05:05:01,2026-07-27 08:26:38,2026-07-26 17:22:08
10126551,6381520,16777473,2026-07-30 14:47:22,2026-07-27 02:05:01,2024-06-01 12:42:00
19049822,6381520,1,2026-07-30 05:05:01,2026-07-29 11:05:01,2026-07-26 17:22:08
10126551,6382453,16777473,2026-07-30 14:47:22,2026-07-26 05:05:01,2024-06-01 12:42:00
19049822,6382453,1,2026-07-30 05:05:01,2026-07-29 11:05:01,2026-07-26 17:22:08
10126551,6382555,16777473,2026-07-30 14:47:22,2026-07-10 10:05:01,2024-06-12 10:40:57
19049822,6382555,1,2026-07-30 05:05:01,,2026-07-26 17:22:08
10126551,6384055,16777473,2026-07-30 14:47:22,2026-07-10 10:05:01,2024-06-01 12:42:00
19049822,6384055,1,2026-07-30 05:05:01,,2026-07-26 17:22:08
10126551,6385366,16777473,2026-07-30 14:47:22,2026-07-27 02:05:01,2024-06-13 22:39:10
19049822,6385366,1,2026-07-30 05:05:01,2026-07-28 09:05:01,2026-07-26 17:22:08
10126551,6385938,16777473,2026-07-30 14:47:22,2026-07-10 10:05:01,2024-06-14 21:42:56
19049822,6385938,1,2026-07-30 05:05:01,,2026-07-26 17:22:08
10126551,6391286,16777473,2026-07-30 14:47:22,2026-07-10 10:05:01,2024-06-07 22:43:21
19049822,6391286,1,2026-07-30 05:05:01,,2026-07-26 17:22:08
10126551,6391395,16777473,2026-07-30 14:47:22,2026-07-30 05:05:01,2024-06-14 21:42:56
19049822,6391395,1,2026-07-30 05:05:01,2026-07-29 11:05:01,2026-07-26 17:22:08
10126551,6391835,16777473,2026-07-30 14:47:22,2026-07-10 10:05:01,2024-05-31 10:49:01
19049822,6391835,1,2026-07-30 05:05:01,,2026-07-26 17:22:08
10126551,6392605,16777473,2026-07-30 14:47:22,2026-07-10 10:05:01,2024-06-13 22:39:10
19049822,6392605,1,2026-07-30 05:05:01,,2026-07-26 17:22:08
10126551,6393031,16777473,2026-07-30 14:47:22,2026-07-10 10:05:01,2024-06-07 22:43:21
19049822,6393031,1,2026-07-30 05:05:01,,2026-07-26 17:22:08
10126551,6393341,16777473,2026-07-30 14:47:22,2026-07-30 04:05:01,2024-06-14 21:42:56
19049822,6393341,1,2026-07-30 05:05:01,2026-07-29 11:05:01,2026-07-26 17:22:08
10126551,6393344,16777473,2026-07-30 14:47:22,2026-07-27 03:05:01,2024-06-05 07:43:44
19049822,6393344,1,2026-07-30 05:05:01,2026-07-29 11:05:01,2026-07-26 17:22:08
10126551,6394218,16777473,2026-07-30 14:47:22,2026-07-10 10:05:01,2024-05-31 10:49:01
19049822,6394218,1,2026-07-30 05:05:01,2026-07-27 11:07:45,2026-07-26 17:22:08
10126551,6394393,16777473,2026-07-30 14:47:22,2026-07-10 10:05:01,2024-06-14 21:42:56
19049822,6394393,1,2026-07-30 05:05:01,2026-07-29 11:05:01,2026-07-26 17:22:08
10126551,6394545,16777473,2026-07-30 14:47:22,2026-07-10 10:05:01,2024-06-12 10:40:57
19049822,6394545,1,2026-07-30 05:05:01,,2026-07-26 17:22:08
10126551,6396705,16777473,2026-07-30 14:47:22,2026-07-10 10:05:01,2024-06-07 22:43:21
19049822,6396705,1,2026-07-30 05:05:01,,2026-07-26 17:22:08
10126551,6397087,16777473,2026-07-30 14:47:22,2026-07-10 10:05:01,2024-06-13 22:39:10
19049822,6397087,1,2026-07-30 05:05:01,2026-07-27 14:05:01,2026-07-26 17:22:08
10126551,6408094,16777473,2026-07-30 14:47:22,2026-07-30 04:05:01,2024-06-01 12:42:00
19049822,6408094,1,2026-07-30 05:05:01,2026-07-29 11:05:01,2026-07-26 17:22:08
10126551,6409485,16777473,2026-07-30 14:47:22,2026-07-10 10:05:01,2024-06-13 07:39:26
19049822,6409485,1,2026-07-30 05:05:01,2026-07-27 15:05:01,2026-07-26 17:22:08
10126551,6409559,16777473,2026-07-30 14:47:22,2026-07-10 10:05:01,2024-06-01 12:42:00
19049822,6409559,1,2026-07-30 05:05:01,,2026-07-26 17:22:08
10126551,6410343,16777473,2026-07-30 14:47:22,2026-07-27 04:05:01,2024-06-07 22:43:21
19049822,6410343,1,2026-07-30 05:05:01,2026-07-29 11:05:01,2026-07-26 17:22:08
10126551,6413042,16777473,2026-07-30 14:47:22,2026-07-10 10:05:01,2024-06-01 12:42:00
19049822,6413042,1,2026-07-30 05:05:01,2026-07-27 16:05:02,2026-07-26 17:22:08
10126551,6419004,16777473,2026-07-30 14:47:22,2026-07-10 10:05:01,2024-06-12 10:40:57
19049822,6419004,1,2026-07-30 05:05:01,,2026-07-26 17:22:08
10126551,6422300,16777473,2026-07-30 14:47:22,2026-07-10 10:05:01,2024-06-07 22:43:21
19049822,6422300,1,2026-07-30 05:05:01,2026-07-27 17:05:01,2026-07-26 17:22:08
10126551,6422311,16777473,2026-07-30 14:47:22,2026-07-21 02:05:01,2024-06-01 12:42:00
19049822,6422311,1,2026-07-30 05:05:01,2026-07-29 11:05:01,2026-07-26 17:22:08
10126551,6423982,16777473,2026-07-30 14:47:22,2026-07-10 10:05:01,2024-06-13 07:39:26
19049822,6423982,1,2026-07-30 05:05:01,,2026-07-26 17:22:08
10126551,6424058,16777473,2026-07-30 14:47:22,2026-07-10 10:05:01,2024-06-07 22:43:21
19049822,6424058,1,2026-07-30 05:05:01,2026-07-28 07:05:01,2026-07-26 17:22:08
10126551,6425796,16777473,2026-07-30 14:47:22,2026-07-30 03:05:02,2024-06-14 21:42:56
19049822,6425796,1,2026-07-30 05:05:01,2026-07-29 11:05:01,2026-07-26 17:22:08
10126551,6432423,16777473,2026-07-30 14:47:22,2026-07-10 10:05:01,2024-06-13 22:39:10
19049822,6432423,1,2026-07-30 05:05:01,,2026-07-26 17:22:08
10126551,6434423,16777473,2026-07-30 14:47:22,2026-07-10 11:05:01,2024-06-01 12:42:00
19049822,6434423,1,2026-07-30 05:05:01,2026-07-29 11:05:01,2026-07-26 17:22:08
10126551,6436754,16777473,2026-07-30 14:47:22,2026-07-10 10:05:01,2024-06-13 22:39:10
19049822,6436754,1,2026-07-30 05:05:01,2026-07-29 11:05:01,2026-07-26 17:22:08
10126551,6436871,16777473,2026-07-30 14:47:22,2026-07-10 10:05:01,2024-06-14 21:42:56
19049822,6436871,1,2026-07-30 05:05:01,2026-07-30 16:05:01,2026-07-26 17:22:08
10126551,6437656,16777473,2026-07-30 14:47:22,2026-07-26 04:05:01,2024-06-01 12:42:00
19049822,6437656,1,2026-07-30 05:05:01,2026-07-30 16:05:01,2026-07-26 17:22:08
10126551,6443772,16777473,2026-07-30 14:47:22,2026-07-10 10:05:01,2024-06-13 22:39:10
19049822,6443772,1,2026-07-30 05:05:01,2026-07-28 07:05:01,2026-07-26 17:22:08
10126551,6444208,16777473,2026-07-30 14:47:22,2026-07-10 10:05:01,2024-06-07 22:43:21
19049822,6444208,1,2026-07-30 05:05:01,2026-07-29 11:05:01,2026-07-26 17:22:08
10126551,6450199,16777473,2026-07-30 14:47:22,2026-07-20 04:05:01,2024-06-14 21:42:56
19049822,6450199,1,2026-07-30 05:05:01,2026-07-29 08:05:01,2026-07-26 17:22:08
10126551,6450800,16777473,2026-07-30 14:47:22,2026-07-30 05:05:01,2024-05-31 10:49:01
19049822,6450800,1,2026-07-30 05:05:01,2026-07-29 11:05:01,2026-07-26 17:22:08
10126551,6451403,16777473,2026-07-30 14:47:22,2026-07-30 16:05:01,2024-05-31 10:49:01
19049822,6451403,1,2026-07-30 05:05:01,2026-07-29 11:05:01,2026-07-26 17:22:08
10126551,6463823,16777473,2026-07-30 14:47:22,2026-07-10 10:05:01,2024-06-12 10:40:57
19049822,6463823,1,2026-07-30 05:05:01,2026-07-28 07:05:01,2026-07-26 17:22:08
10126551,6470230,16777473,2026-07-30 14:47:22,2026-07-10 10:05:01,2024-06-13 07:39:26
19049822,6470230,1,2026-07-30 05:05:01,2026-07-28 07:05:01,2026-07-26 17:22:08
10126551,6470247,16777473,2026-07-30 14:47:22,2026-07-18 05:05:01,2024-06-01 12:42:00
19049822,6470247,1,2026-07-30 05:05:01,2026-07-29 07:05:01,2026-07-26 17:22:08
10126551,6470762,16777473,2026-07-30 14:47:22,2026-07-30 04:05:01,2024-05-31 10:49:01
19049822,6470762,1,2026-07-30 05:05:01,2026-07-30 16:05:01,2026-07-26 17:22:08
10126551,6470773,16777473,2026-07-30 14:47:22,2026-07-22 08:05:01,2024-06-14 21:42:56
19049822,6470773,1,2026-07-30 05:05:01,2026-07-29 09:05:01,2026-07-26 17:22:08
10126551,6472162,16777473,2026-07-30 14:47:22,2026-07-26 02:05:01,2024-05-31 10:49:01
19049822,6472162,1,2026-07-30 05:05:01,2026-07-29 11:05:01,2026-07-26 17:22:08
1140687,6477054,1,2026-07-30 00:05:01,2026-07-30 10:05:01,2025-06-20 00:05:01
10126551,6477054,16777473,2026-07-30 14:47:22,2026-07-30 08:05:01,2024-06-14 21:42:56
19049822,6477054,1,2026-07-30 05:05:01,2026-07-29 11:05:01,2026-07-26 17:22:08
10126551,6484159,16777473,2026-07-30 14:47:22,2026-07-30 16:05:01,2024-06-14 21:42:56
19049822,6484159,1,2026-07-30 05:05:01,2026-07-29 11:05:01,2026-07-26 17:22:08
10126551,6484166,16777473,2026-07-30 14:47:22,2026-07-30 16:05:01,2024-06-15 13:42:24
19049822,6484166,1,2026-07-30 05:05:01,2026-07-29 11:05:01,2026-07-26 17:22:08
10126551,6490408,16777473,2026-07-30 14:47:22,2026-07-10 10:05:01,2024-06-12 10:40:57
19049822,6490408,1,2026-07-30 05:05:01,2026-07-28 07:05:01,2026-07-26 17:22:08
1140687,6492965,1,2026-07-30 00:05:01,2026-07-30 10:05:01,2025-06-20 00:05:01
10126551,6492965,16777473,2026-07-30 14:47:22,2026-07-30 14:05:02,2024-06-17 18:43:02
19049822,6492965,1,2026-07-30 05:05:01,2026-07-29 11:05:01,2026-07-26 17:22:08
10126551,6497238,16777473,2026-07-30 14:47:22,2026-07-10 10:05:01,2024-06-01 12:42:00
19049822,6497238,1,2026-07-30 05:05:01,2026-07-30 16:05:01,2026-07-26 17:22:08
10126551,6499083,16777473,2026-07-30 14:47:22,2026-07-10 10:05:01,2024-06-13 07:39:26
19049822,6499083,1,2026-07-30 05:05:01,2026-07-28 07:05:01,2026-07-26 17:22:08
10126551,6503237,16777473,2026-07-30 14:47:22,2026-07-10 10:05:01,2024-05-31 10:49:01
19049822,6503237,1,2026-07-30 05:05:01,2026-07-28 07:05:01,2026-07-26 17:22:08
10126551,6510459,16777473,2026-07-30 14:47:22,2026-07-10 10:05:01,2024-06-05 07:43:44
19049822,6510459,1,2026-07-30 05:05:01,2026-07-28 07:05:01,2026-07-26 17:22:08
10126551,6510598,16777473,2026-07-30 14:47:22,2026-07-10 10:05:01,2024-06-12 10:40:57
19049822,6510598,1,2026-07-30 05:05:01,2026-07-28 07:05:01,2026-07-26 17:22:08
10126551,6520476,16777473,2026-07-30 14:47:22,2026-07-30 16:05:01,2024-06-26 15:39:36
19049822,6520476,1,2026-07-30 05:05:01,2026-07-29 11:05:01,2026-07-26 17:22:08
10126551,6523187,16777473,2026-07-30 14:47:22,2026-07-10 10:05:01,2024-06-14 21:42:56
19049822,6523187,1,2026-07-30 05:05:01,2026-07-28 07:05:01,2026-07-26 17:22:08
10126551,6532017,16777473,2026-07-30 14:47:22,2026-07-10 10:05:01,2024-06-17 18:43:02
19049822,6532017,1,2026-07-30 05:05:01,2026-07-28 07:05:01,2026-07-26 17:22:08
10126551,6534803,16777473,2026-07-30 14:47:22,2026-07-30 16:05:01,2024-06-13 22:39:10
19049822,6534803,1,2026-07-30 05:05:01,2026-07-29 11:05:01,2026-07-26 17:22:08
10126551,6535951,16777473,2026-07-30 14:47:22,2026-07-28 04:05:01,2024-06-14 21:42:56
19049822,6535951,1,2026-07-30 05:05:01,2026-07-29 11:05:01,2026-07-26 17:22:08
10126551,6536970,16777473,2026-07-30 14:47:22,2026-07-30 16:05:01,2024-06-14 21:42:56
19049822,6536970,1,2026-07-30 05:05:01,2026-07-29 11:05:01,2026-07-26 17:22:08
1140687,6537228,1,2026-07-30 00:05:01,2026-07-30 10:05:01,2025-06-20 00:05:01
10126551,6537228,16777473,2026-07-30 14:47:22,2026-07-29 23:05:01,2024-06-13 22:39:10
19049822,6537228,1,2026-07-30 05:05:01,2026-07-29 11:05:01,2026-07-26 17:22:08
10126551,6537269,16777473,2026-07-30 14:47:22,2026-07-30 15:05:01,2024-06-15 13:42:24
19049822,6537269,1,2026-07-30 05:05:01,2026-07-29 11:05:01,2026-07-26 17:22:08
10126551,6537460,16777473,2026-07-30 14:47:22,2026-07-30 08:05:01,2024-06-17 18:43:02
19049822,6537460,1,2026-07-30 05:05:01,2026-07-29 11:05:01,2026-07-26 17:22:08
10126551,6537930,16777473,2026-07-30 14:47:22,2026-07-30 16:05:01,2024-06-17 18:43:02
19049822,6537930,1,2026-07-30 05:05:01,2026-07-29 11:05:01,2026-07-26 17:22:08
10126551,6543368,16777473,2026-07-30 14:47:22,2026-07-18 05:05:01,2024-06-23 12:39:05
19049822,6543368,1,2026-07-30 05:05:01,2026-07-29 11:05:01,2026-07-26 17:22:08
10126551,6543682,16777473,2026-07-30 14:47:22,2026-07-30 16:05:01,2024-06-25 18:42:39
19049822,6543682,1,2026-07-30 05:05:01,2026-07-29 11:05:01,2026-07-26 17:22:08
10126551,6543798,16777473,2026-07-30 14:47:22,2026-07-30 04:05:01,2024-06-26 13:39:42
19049822,6543798,1,2026-07-30 05:05:01,2026-07-29 11:05:01,2026-07-26 17:22:08
10126551,6556003,16777473,2026-07-30 14:47:22,2026-07-30 05:05:01,2024-07-31 20:05:01
19049822,6556003,1,2026-07-30 05:05:01,2026-07-29 11:05:01,2026-07-26 17:22:08
10126551,6559584,16777473,2026-07-30 14:47:22,2026-07-10 10:05:01,2024-12-31 21:05:01
19049822,6559584,1,2026-07-30 05:05:01,,2026-07-26 17:22:08
10126551,6568862,16777473,2026-07-30 14:47:22,2026-07-10 10:05:01,2024-10-17 17:05:01
19049822,6568862,1,2026-07-30 05:05:01,,2026-07-26 17:22:08
10126551,6569667,16777473,2026-07-30 14:47:22,2026-07-10 10:05:01,2024-10-17 17:05:01
19049822,6569667,1,2026-07-30 05:05:01,2026-07-28 09:05:01,2026-07-26 17:22:08
10126551,6570772,16777473,2026-07-30 14:47:22,2026-07-10 10:05:01,2024-11-26 13:05:01
19049822,6570772,1,2026-07-30 05:05:01,2026-07-28 10:05:01,2026-07-26 17:22:08
10126551,6573659,16777473,2026-07-30 14:47:22,2026-07-10 10:05:01,2024-09-18 06:05:01
19049822,6573659,1,2026-07-30 05:05:01,2026-07-28 14:05:01,2026-07-26 17:22:08
10126551,6581876,16777473,2026-07-30 14:47:22,2026-07-10 10:05:01,2024-10-26 23:05:01
19049822,6581876,1,2026-07-30 05:05:01,,2026-07-26 17:22:08
10126551,6582174,16777473,2026-07-30 14:47:22,2026-07-10 10:05:01,2024-10-26 23:05:01
19049822,6582174,1,2026-07-30 05:05:01,2026-07-28 13:05:01,2026-07-26 17:22:08
10126551,6582248,16777473,2026-07-30 14:47:22,2026-07-10 10:05:01,2024-10-19 08:05:01
19049822,6582248,1,2026-07-30 05:05:01,2026-07-28 15:05:01,2026-07-26 17:22:08
10126551,6584478,16777473,2026-07-30 14:47:22,2026-07-28 02:05:01,2024-10-17 17:05:01
19049822,6584478,1,2026-07-30 05:05:01,2026-07-28 21:05:01,2026-07-26 17:22:08
10126551,6584511,16777473,2026-07-30 14:47:22,2026-07-10 10:05:01,2024-11-24 20:05:01
19049822,6584511,1,2026-07-30 05:05:01,,2026-07-26 17:22:08
10126551,6584568,16777473,2026-07-30 14:47:22,2026-07-10 10:05:01,2024-11-26 00:05:01
19049822,6584568,1,2026-07-30 05:05:01,2026-07-28 13:05:01,2026-07-26 17:22:08
10126551,6584982,16777473,2026-07-30 14:47:22,2026-07-30 03:05:02,2024-11-24 20:05:01
19049822,6584982,1,2026-07-30 05:05:01,2026-07-29 11:05:01,2026-07-26 17:22:08
1140687,6585097,1,2026-07-30 00:05:01,2026-07-30 10:05:01,2025-01-05 01:05:01
10126551,6585097,16777473,2026-07-30 14:47:22,2026-07-20 15:05:01,2024-10-19 14:05:01
19049822,6585097,1,2026-07-30 05:05:01,2026-07-29 11:05:01,2026-07-26 17:22:08
10126551,6591298,16777473,2026-07-30 14:47:22,2026-07-10 10:05:01,2024-11-02 13:05:01
19049822,6591298,1,2026-07-30 05:05:01,2026-07-28 14:05:01,2026-07-26 17:22:08
1140687,6594449,1,2026-07-30 00:05:01,2026-07-30 10:05:01,2024-11-12 01:05:01
10126551,6594449,16777473,2026-07-30 14:47:22,2026-07-30 16:05:01,2024-12-13 08:05:01
19049822,6594449,1,2026-07-30 05:05:01,2026-07-29 11:05:01,2026-07-26 17:22:08
10126551,6594457,16777473,2026-07-30 14:47:22,2026-07-30 14:05:02,2024-12-13 08:05:01
19049822,6594457,1,2026-07-30 05:05:01,2026-07-29 11:05:01,2026-07-26 17:22:08
10126551,6600006,16777473,2026-07-30 14:47:22,2026-07-10 11:05:01,2025-01-05 19:05:01
19049822,6600006,1,2026-07-30 05:05:01,2026-07-29 05:05:02,2026-07-26 17:22:08
10126551,6606741,16777473,2026-07-30 14:47:22,2026-07-10 10:05:01,2024-12-29 23:05:01
19049822,6606741,1,2026-07-30 05:05:01,,2026-07-26 17:22:08
10126551,6611064,16777473,2026-07-30 14:47:22,2026-07-10 10:05:01,2024-12-11 09:05:01
19049822,6611064,1,2026-07-30 05:05:01,,2026-07-26 17:22:08
10126551,6611336,16777473,2026-07-30 14:47:22,2026-07-10 10:05:01,2024-12-12 16:05:01
19049822,6611336,1,2026-07-30 05:05:01,,2026-07-26 17:22:08
10126551,6611819,16777473,2026-07-30 14:47:22,2026-07-30 04:05:01,2024-12-13 00:05:01
19049822,6611819,1,2026-07-30 05:05:01,2026-07-29 11:05:01,2026-07-26 17:22:08
10126551,6613356,16777473,2026-07-30 14:47:22,2026-07-10 10:05:01,2024-12-31 21:05:01
19049822,6613356,1,2026-07-30 05:05:01,2026-07-29 11:05:01,2026-07-26 17:22:08
1140687,6615333,1,2026-07-30 00:05:01,2026-07-30 10:05:01,2025-06-20 00:05:01
10126551,6615333,16777473,2026-07-30 14:47:22,2026-07-27 04:05:01,2024-12-20 22:05:01
19049822,6615333,1,2026-07-30 05:05:01,2026-07-29 11:05:01,2026-07-26 17:22:08
1140687,6618344,1,2026-07-30 00:05:01,2026-07-30 10:05:01,2025-06-20 00:05:01
10126551,6618344,16777473,2026-07-30 14:47:22,2026-07-30 16:05:01,2024-12-31 21:05:01
19049822,6618344,1,2026-07-30 05:05:01,2026-07-29 11:05:01,2026-07-26 17:22:08
10126551,6622628,16777473,2026-07-30 14:47:22,2026-07-10 10:05:01,2025-01-04 14:05:01
19049822,6622628,1,2026-07-30 05:05:01,2026-07-28 18:05:01,2026-07-26 17:22:08
10126551,6624157,16777473,2026-07-30 14:47:22,2026-07-10 10:05:01,2025-01-06 23:05:01
19049822,6624157,1,2026-07-30 05:05:01,2026-07-29 08:05:01,2026-07-26 17:22:08
10126551,6624525,16777473,2026-07-30 14:47:22,2026-07-10 10:05:01,2025-01-06 23:05:01
19049822,6624525,1,2026-07-30 05:05:01,2026-07-28 17:05:01,2026-07-26 17:22:08
10126551,6624758,16777473,2026-07-30 14:47:22,2026-07-10 10:05:01,2025-01-29 07:05:01
19049822,6624758,1,2026-07-30 05:05:01,,2026-07-26 17:22:08
10126551,6665547,16777473,2026-07-30 14:47:22,2026-07-10 10:05:01,2025-04-10 23:05:02
19049822,6665547,1,2026-07-30 05:05:01,2026-07-29 11:05:01,2026-07-26 17:22:08
10126551,6669623,16777473,2026-07-30 14:47:22,2026-07-30 04:05:01,2025-04-10 23:05:02
19049822,6669623,1,2026-07-30 05:05:01,2026-07-29 11:05:01,2026-07-26 17:22:08
10126551,6674470,16777473,2026-07-30 14:47:22,2026-07-27 02:05:01,2025-04-10 23:05:02
19049822,6674470,1,2026-07-30 05:05:01,2026-07-29 11:05:01,2026-07-26 17:22:08
1140687,6677651,1,2026-07-30 00:05:01,2026-07-30 10:05:01,2025-07-08 00:05:02
10126551,6677651,16777473,2026-07-30 14:47:22,2026-07-30 08:05:01,2025-04-20 21:05:01
19049822,6677651,1,2026-07-30 05:05:01,2026-07-29 11:05:01,2026-07-26 17:22:08
10126551,6682052,16777473,2026-07-30 14:47:22,2026-07-10 10:05:01,2025-04-26 03:05:01
19049822,6682052,1,2026-07-30 05:05:01,2026-07-29 07:05:01,2026-07-26 17:22:08
10126551,6690631,16777473,2026-07-30 14:47:22,2026-07-30 16:05:01,2025-05-27 20:05:01
19049822,6690631,1,2026-07-30 05:05:01,2026-07-29 11:05:01,2026-07-26 17:22:08
10126551,6691075,16777473,2026-07-30 14:47:22,2026-07-30 05:05:01,2025-05-27 20:05:01
19049822,6691075,1,2026-07-30 05:05:01,2026-07-29 11:05:01,2026-07-26 17:22:08
10126551,6703853,16777473,2026-07-30 14:47:22,2026-07-27 02:05:01,2025-06-17 12:05:01
19049822,6703853,1,2026-07-30 05:05:01,2026-07-29 11:05:01,2026-07-26 17:22:08
10126551,6709911,16777473,2026-07-30 14:47:22,2026-07-27 02:05:01,2025-06-26 10:05:01
19049822,6709911,1,2026-07-30 05:05:01,2026-07-29 11:05:01,2026-07-26 17:22:08
10126551,6718885,16777473,2026-07-30 14:47:22,2026-07-10 10:05:01,2025-08-08 14:05:02
19049822,6718885,1,2026-07-30 05:05:01,,2026-07-26 17:22:08
10126551,6729238,16777473,2026-07-30 14:47:22,2026-07-17 06:05:01,2025-08-08 14:05:02
19049822,6729238,1,2026-07-30 05:05:01,2026-07-29 09:05:01,2026-07-26 17:22:08
10126551,6730304,16777473,2026-07-30 14:47:22,2026-07-10 10:05:01,2025-08-12 22:05:01
19049822,6730304,1,2026-07-30 05:05:01,2026-07-29 09:05:01,2026-07-26 17:22:08
10126551,6731732,16777473,2026-07-30 14:47:22,2026-07-10 10:05:01,2025-10-04 16:05:01
19049822,6731732,1,2026-07-30 05:05:01,,2026-07-26 17:22:08
10126551,6732046,16777473,2026-07-30 14:47:22,2026-07-10 10:05:01,2025-10-03 13:05:01
19049822,6732046,1,2026-07-30 05:05:01,2026-07-29 11:05:01,2026-07-26 17:22:08
10126551,6732351,16777473,2026-07-30 14:47:22,2026-07-10 10:05:01,2025-10-03 13:05:01
19049822,6732351,1,2026-07-30 05:05:01,,2026-07-26 17:22:08
10126551,6738576,16777473,2026-07-30 14:47:22,2026-07-30 08:05:01,2025-10-05 19:05:01
19049822,6738576,1,2026-07-30 05:05:01,2026-07-29 11:05:01,2026-07-26 17:22:08
10126551,6746684,16777473,2026-07-30 14:47:22,2026-07-10 10:05:01,2025-11-02 22:05:01
19049822,6746684,1,2026-07-30 05:05:01,,2026-07-26 17:22:08
10126551,6749693,16777473,2026-07-30 14:47:22,2026-07-10 10:05:01,2025-11-02 19:05:01
19049822,6749693,1,2026-07-30 05:05:01,2026-07-28 23:05:01,2026-07-26 17:22:08
10126551,6756467,16777473,2026-07-30 14:47:22,2026-07-30 01:05:01,2025-10-30 18:05:02
19049822,6756467,1,2026-07-30 05:05:01,2026-07-29 11:05:01,2026-07-26 17:22:08
10126551,6760268,16777473,2026-07-30 14:47:22,2026-07-10 10:05:01,2025-10-20 19:05:01
19049822,6760268,1,2026-07-30 05:05:01,2026-07-29 11:05:01,2026-07-26 17:22:08
10126551,6760717,16777473,2026-07-30 14:47:22,2026-07-30 11:05:01,2026-06-06 19:05:01
19049822,6760717,1,2026-07-30 05:05:01,2026-07-29 11:05:01,2026-07-26 17:22:08
10126551,6762649,16777473,2026-07-30 14:47:22,2026-07-10 10:05:01,2025-11-02 20:05:01
19049822,6762649,1,2026-07-30 05:05:01,,2026-07-26 17:22:08
10126551,6763323,16777473,2026-07-30 14:47:22,2026-07-30 01:05:01,2025-11-03 09:05:01
19049822,6763323,1,2026-07-30 05:05:01,2026-07-29 11:05:01,2026-07-26 17:22:08
10126551,6766100,16777473,2026-07-30 14:47:22,2026-07-10 10:05:01,2025-11-18 17:05:01
19049822,6766100,1,2026-07-30 05:05:01,,2026-07-26 17:22:08
10126551,6766108,16777473,2026-07-30 14:47:22,2026-07-10 10:05:01,2025-11-18 17:05:01
19049822,6766108,1,2026-07-30 05:05:01,2026-07-29 00:05:01,2026-07-26 17:22:08
10126551,6767430,16777473,2026-07-30 14:47:22,2026-07-10 10:05:01,2025-11-28 21:05:01
19049822,6767430,1,2026-07-30 05:05:01,,2026-07-26 17:22:08
10126551,6770885,16777473,2026-07-30 14:47:22,2026-07-26 02:05:01,2025-12-24 17:05:01
19049822,6770885,1,2026-07-30 05:05:01,2026-07-29 11:05:01,2026-07-26 17:22:08
10126551,6774890,16777473,2026-07-30 14:47:22,2026-07-12 07:05:01,2025-12-25 05:05:01
19049822,6774890,1,2026-07-30 05:05:01,2026-07-29 11:05:01,2026-07-26 17:22:08
10126551,6780097,16777473,2026-07-30 14:47:22,2026-07-10 10:05:01,2025-12-01 09:05:02
19049822,6780097,1,2026-07-30 05:05:01,,2026-07-26 17:22:08
10126551,6780105,16777473,2026-07-30 14:47:22,2026-07-27 03:05:01,2025-12-01 09:05:02
19049822,6780105,1,2026-07-30 05:05:01,2026-07-29 11:05:01,2026-07-26 17:22:08
10126551,6793555,16777473,2026-07-30 14:47:22,2026-07-10 10:05:01,2026-01-31 08:05:01
19049822,6793555,1,2026-07-30 05:05:01,2026-07-29 02:05:01,2026-07-26 17:22:08
10126551,6803529,16777473,2026-07-30 14:47:22,2026-07-10 10:05:01,2026-03-10 20:05:01
19049822,6803529,1,2026-07-30 05:05:01,2026-07-29 10:05:02,2026-07-26 17:22:08
10126551,6803552,16777473,2026-07-30 14:47:22,2026-07-26 02:05:01,2026-03-10 20:05:01
19049822,6803552,1,2026-07-30 05:05:01,2026-07-29 10:05:02,2026-07-26 17:22:08
10126551,6804396,16777473,2026-07-30 14:47:22,2026-07-10 10:05:01,2026-03-10 20:05:01
19049822,6804396,1,2026-07-30 05:05:01,2026-07-29 09:05:01,2026-07-26 17:22:08
10126551,6808026,16777473,2026-07-30 14:47:22,2026-07-10 10:05:01,2026-04-04 00:05:01
19049822,6808026,1,2026-07-30 05:05:01,2026-07-29 03:05:01,2026-07-26 17:22:08
10126551,6810516,16777473,2026-07-30 14:47:22,2026-07-10 10:05:01,2026-03-07 16:05:01
19049822,6810516,1,2026-07-30 05:05:01,2026-07-29 06:05:01,2026-07-26 17:22:08
10126551,6810792,16777473,2026-07-30 14:47:22,2026-07-10 10:05:01,2026-03-07 16:05:01
19049822,6810792,1,2026-07-30 05:05:01,2026-07-29 06:05:01,2026-07-26 17:22:08
10126551,6813800,16777473,2026-07-30 14:47:22,2026-07-10 10:05:01,2026-03-07 15:05:01
19049822,6813800,1,2026-07-30 05:05:01,2026-07-29 06:05:01,2026-07-26 17:22:08
10126551,6815799,16777473,2026-07-30 14:47:22,2026-07-10 10:05:01,2026-03-06 20:05:02
19049822,6815799,1,2026-07-30 05:05:01,2026-07-29 09:05:01,2026-07-26 17:22:08
10126551,6817355,16777473,2026-07-30 14:47:22,2026-07-10 10:05:01,2026-03-07 19:05:01
19049822,6817355,1,2026-07-30 05:05:01,,2026-07-26 17:22:08
10126551,6817359,16777473,2026-07-30 14:47:22,2026-07-10 10:05:01,2026-03-01 15:05:01
19049822,6817359,1,2026-07-30 05:05:01,2026-07-29 06:05:01,2026-07-26 17:22:08
10126551,6826435,16777473,2026-07-30 14:47:22,2026-07-10 10:05:01,2026-05-15 16:05:01
19049822,6826435,1,2026-07-30 05:05:01,2026-07-29 10:05:02,2026-07-26 17:22:08
10126551,6832977,16777473,2026-07-30 14:47:22,2026-07-10 10:05:01,2026-05-09 01:05:01
19049822,6832977,1,2026-07-30 05:05:01,2026-07-29 06:05:01,2026-07-26 17:22:08
10126551,6833585,16777473,2026-07-30 14:47:22,2026-07-10 10:05:01,2026-05-09 01:05:01
19049822,6833585,1,2026-07-30 05:05:01,,2026-07-26 17:22:08
10126551,6834780,16777473,2026-07-30 14:47:22,2026-07-10 10:05:01,2026-05-09 01:05:01
19049822,6834780,1,2026-07-30 05:05:01,2026-07-29 08:05:01,2026-07-26 17:22:08
10126551,6835172,16777473,2026-07-30 14:47:22,2026-07-10 10:05:01,2026-05-09 01:05:01
19049822,6835172,1,2026-07-30 05:05:01,2026-07-29 10:05:02,2026-07-26 17:22:08
10126551,6835919,16777473,2026-07-30 14:47:22,2026-07-10 10:05:01,2026-05-09 01:05:01
19049822,6835919,1,2026-07-30 05:05:01,,2026-07-26 17:22:08
10126551,6837421,16777473,2026-07-30 14:47:22,2026-07-10 10:05:01,2026-05-09 01:05:01
19049822,6837421,1,2026-07-30 05:05:01,2026-07-30 16:05:01,2026-07-26 17:22:08
10126551,6837837,16777473,2026-07-30 14:47:22,2026-07-10 10:05:01,2026-04-02 17:05:01
19049822,6837837,1,2026-07-30 05:05:01,2026-07-29 10:05:02,2026-07-26 17:22:08
10126551,6852201,16777473,2026-07-30 14:47:22,2026-07-10 10:05:01,2026-05-08 20:05:01
19049822,6852201,1,2026-07-30 05:05:01,2026-07-30 16:05:01,2026-07-26 17:22:08
10126551,6853488,16777473,2026-07-30 14:47:22,2026-07-16 04:05:02,2026-05-08 06:05:01
19049822,6853488,1,2026-07-30 05:05:01,2026-07-30 16:05:01,2026-07-26 17:22:08
10126551,6854985,16777473,2026-07-30 14:47:22,2026-07-10 10:05:01,2026-05-08 06:05:01
19049822,6854985,1,2026-07-30 05:05:01,2026-07-29 11:05:01,2026-07-26 17:22:08
10126551,6859117,16777473,2026-07-30 14:47:22,2026-07-11 23:05:01,2026-07-11 09:05:02
19049822,6859117,1,2026-07-30 05:05:01,2026-07-30 16:05:01,2026-07-26 17:22:08
10126551,6861603,16777473,2026-07-30 14:47:22,2026-07-25 13:05:01,2026-07-25 05:42:14
19049822,6861603,1,2026-07-30 05:05:01,2026-07-30 16:05:01,2026-07-26 17:22:08
10126551,6861777,16777473,2026-07-30 14:47:22,2026-07-25 13:05:01,2026-07-25 05:42:14
19049822,6861777,1,2026-07-30 05:05:01,2026-07-30 16:05:01,2026-07-26 17:22:08
10126551,6870258,16777473,2026-07-30 14:47:22,2026-07-10 10:05:01,2026-06-17 21:05:01
19049822,6870258,1,2026-07-30 05:05:01,2026-07-30 16:05:01,2026-07-26 17:22:08
10126551,6881238,16777473,2026-07-30 14:47:22,2026-07-14 21:05:01,2026-07-14 13:05:01
19049822,6881238,1,2026-07-30 05:05:01,2026-07-30 16:05:01,2026-07-26 17:22:08
